row,col,lat,lon,elev
0,0,12.85,80.06,35.0
0,1,12.85,80.068,29.0
0,2,12.85,80.076,28.0
0,3,12.85,80.084,33.0
0,4,12.85,80.092,42.0
0,5,12.85,80.1,34.0
0,6,12.85,80.108,30.0
0,7,12.85,80.116,34.0
0,8,12.85,80.124,32.0
0,9,12.85,80.132,25.0
0,10,12.85,80.14,27.0
0,11,12.85,80.148,23.0
0,12,12.85,80.156,17.0
0,13,12.85,80.164,13.0
0,14,12.85,80.172,14.0
0,15,12.85,80.18,8.0
0,16,12.85,80.188,10.0
0,17,12.85,80.196,12.0
0,18,12.85,80.204,4.0
0,19,12.85,80.212,7.0
0,20,12.85,80.22,6.0
0,21,12.85,80.228,13.0
0,22,12.85,80.236,2.0
0,23,12.85,80.244,7.0
0,24,12.85,80.252,0.0
0,25,12.85,80.26,0.0
0,26,12.85,80.268,0.0
0,27,12.85,80.276,0.0
0,28,12.85,80.284,0.0
0,29,12.85,80.292,0.0
0,30,12.85,80.3,0.0
0,31,12.85,80.308,0.0
0,32,12.85,80.316,0.0
1,0,12.858,80.06,28.0
1,1,12.858,80.068,27.0
1,2,12.858,80.076,33.0
1,3,12.858,80.084,33.0
1,4,12.858,80.092,38.0
1,5,12.858,80.1,34.0
1,6,12.858,80.108,31.0
1,7,12.858,80.116,26.0
1,8,12.858,80.124,38.0
1,9,12.858,80.132,28.0
1,10,12.858,80.14,20.0
1,11,12.858,80.148,20.0
1,12,12.858,80.156,14.0
1,13,12.858,80.164,13.0
1,14,12.858,80.172,12.0
1,15,12.858,80.18,7.0
1,16,12.858,80.188,10.0
1,17,12.858,80.196,9.0
1,18,12.858,80.204,6.0
1,19,12.858,80.212,4.0
1,20,12.858,80.22,3.0
1,21,12.858,80.228,14.0
1,22,12.858,80.236,1.0
1,23,12.858,80.244,5.0
1,24,12.858,80.252,0.0
1,25,12.858,80.26,0.0
1,26,12.858,80.268,0.0
1,27,12.858,80.276,0.0
1,28,12.858,80.284,0.0
1,29,12.858,80.292,0.0
1,30,12.858,80.3,0.0
1,31,12.858,80.308,0.0
1,32,12.858,80.316,0.0
2,0,12.866,80.06,25.0
2,1,12.866,80.068,27.0
2,2,12.866,80.076,38.0
2,3,12.866,80.084,40.0
2,4,12.866,80.092,42.0
2,5,12.866,80.1,40.0
2,6,12.866,80.108,29.0
2,7,12.866,80.116,30.0
2,8,12.866,80.124,24.0
2,9,12.866,80.132,24.0
2,10,12.866,80.14,17.0
2,11,12.866,80.148,20.0
2,12,12.866,80.156,13.0
2,13,12.866,80.164,10.0
2,14,12.866,80.172,12.0
2,15,12.866,80.18,7.0
2,16,12.866,80.188,5.0
2,17,12.866,80.196,5.0
2,18,12.866,80.204,4.0
2,19,12.866,80.212,3.0
2,20,12.866,80.22,8.0
2,21,12.866,80.228,16.0
2,22,12.866,80.236,1.0
2,23,12.866,80.244,8.0
2,24,12.866,80.252,0.0
2,25,12.866,80.26,0.0
2,26,12.866,80.268,0.0
2,27,12.866,80.276,0.0
2,28,12.866,80.284,0.0
2,29,12.866,80.292,0.0
2,30,12.866,80.3,0.0
2,31,12.866,80.308,0.0
2,32,12.866,80.316,0.0
3,0,12.874,80.06,23.0
3,1,12.874,80.068,24.0
3,2,12.874,80.076,30.0
3,3,12.874,80.084,43.0
3,4,12.874,80.092,43.0
3,5,12.874,80.1,35.0
3,6,12.874,80.108,29.0
3,7,12.874,80.116,23.0
3,8,12.874,80.124,20.0
3,9,12.874,80.132,21.0
3,10,12.874,80.14,16.0
3,11,12.874,80.148,14.0
3,12,12.874,80.156,12.0
3,13,12.874,80.164,10.0
3,14,12.874,80.172,10.0
3,15,12.874,80.18,8.0
3,16,12.874,80.188,5.0
3,17,12.874,80.196,4.0
3,18,12.874,80.204,3.0
3,19,12.874,80.212,5.0
3,20,12.874,80.22,8.0
3,21,12.874,80.228,8.0
3,22,12.874,80.236,4.0
3,23,12.874,80.244,11.0
3,24,12.874,80.252,0.0
3,25,12.874,80.26,0.0
3,26,12.874,80.268,0.0
3,27,12.874,80.276,0.0
3,28,12.874,80.284,0.0
3,29,12.874,80.292,0.0
3,30,12.874,80.3,0.0
3,31,12.874,80.308,0.0
3,32,12.874,80.316,0.0
4,0,12.882,80.06,22.0
4,1,12.882,80.068,30.0
4,2,12.882,80.076,36.0
4,3,12.882,80.084,39.0
4,4,12.882,80.092,50.0
4,5,12.882,80.1,29.0
4,6,12.882,80.108,49.0
4,7,12.882,80.116,24.0
4,8,12.882,80.124,19.0
4,9,12.882,80.132,17.0
4,10,12.882,80.14,15.0
4,11,12.882,80.148,14.0
4,12,12.882,80.156,17.0
4,13,12.882,80.164,15.0
4,14,12.882,80.172,10.0
4,15,12.882,80.18,7.0
4,16,12.882,80.188,7.0
4,17,12.882,80.196,14.0
4,18,12.882,80.204,5.0
4,19,12.882,80.212,2.0
4,20,12.882,80.22,3.0
4,21,12.882,80.228,7.0
4,22,12.882,80.236,3.0
4,23,12.882,80.244,4.0
4,24,12.882,80.252,4.0
4,25,12.882,80.26,0.0
4,26,12.882,80.268,0.0
4,27,12.882,80.276,0.0
4,28,12.882,80.284,0.0
4,29,12.882,80.292,0.0
4,30,12.882,80.3,0.0
4,31,12.882,80.308,0.0
4,32,12.882,80.316,0.0
5,0,12.89,80.06,21.0
5,1,12.89,80.068,29.0
5,2,12.89,80.076,27.0
5,3,12.89,80.084,36.0
5,4,12.89,80.092,79.0
5,5,12.89,80.1,53.0
5,6,12.89,80.108,27.0
5,7,12.89,80.116,23.0
5,8,12.89,80.124,20.0
5,9,12.89,80.132,25.0
5,10,12.89,80.14,23.0
5,11,12.89,80.148,16.0
5,12,12.89,80.156,14.0
5,13,12.89,80.164,11.0
5,14,12.89,80.172,9.0
5,15,12.89,80.18,8.0
5,16,12.89,80.188,11.0
5,17,12.89,80.196,10.0
5,18,12.89,80.204,4.0
5,19,12.89,80.212,2.0
5,20,12.89,80.22,3.0
5,21,12.89,80.228,8.0
5,22,12.89,80.236,8.0
5,23,12.89,80.244,2.0
5,24,12.89,80.252,5.0
5,25,12.89,80.26,0.0
5,26,12.89,80.268,0.0
5,27,12.89,80.276,0.0
5,28,12.89,80.284,0.0
5,29,12.89,80.292,0.0
5,30,12.89,80.3,0.0
5,31,12.89,80.308,0.0
5,32,12.89,80.316,0.0
6,0,12.898,80.06,20.0
6,1,12.898,80.068,27.0
6,2,12.898,80.076,23.0
6,3,12.898,80.084,30.0
6,4,12.898,80.092,32.0
6,5,12.898,80.1,37.0
6,6,12.898,80.108,36.0
6,7,12.898,80.116,29.0
6,8,12.898,80.124,24.0
6,9,12.898,80.132,23.0
6,10,12.898,80.14,18.0
6,11,12.898,80.148,18.0
6,12,12.898,80.156,19.0
6,13,12.898,80.164,13.0
6,14,12.898,80.172,16.0
6,15,12.898,80.18,12.0
6,16,12.898,80.188,5.0
6,17,12.898,80.196,5.0
6,18,12.898,80.204,3.0
6,19,12.898,80.212,2.0
6,20,12.898,80.22,2.0
6,21,12.898,80.228,6.0
6,22,12.898,80.236,3.0
6,23,12.898,80.244,4.0
6,24,12.898,80.252,11.0
6,25,12.898,80.26,0.0
6,26,12.898,80.268,0.0
6,27,12.898,80.276,0.0
6,28,12.898,80.284,0.0
6,29,12.898,80.292,0.0
6,30,12.898,80.3,0.0
6,31,12.898,80.308,0.0
6,32,12.898,80.316,0.0
7,0,12.906,80.06,18.0
7,1,12.906,80.068,21.0
7,2,12.906,80.076,20.0
7,3,12.906,80.084,26.0
7,4,12.906,80.092,31.0
7,5,12.906,80.1,20.0
7,6,12.906,80.108,25.0
7,7,12.906,80.116,35.0
7,8,12.906,80.124,27.0
7,9,12.906,80.132,33.0
7,10,12.906,80.14,24.0
7,11,12.906,80.148,25.0
7,12,12.906,80.156,20.0
7,13,12.906,80.164,20.0
7,14,12.906,80.172,11.0
7,15,12.906,80.18,9.0
7,16,12.906,80.188,12.0
7,17,12.906,80.196,15.0
7,18,12.906,80.204,4.0
7,19,12.906,80.212,2.0
7,20,12.906,80.22,4.0
7,21,12.906,80.228,9.0
7,22,12.906,80.236,3.0
7,23,12.906,80.244,2.0
7,24,12.906,80.252,9.0
7,25,12.906,80.26,0.0
7,26,12.906,80.268,0.0
7,27,12.906,80.276,0.0
7,28,12.906,80.284,0.0
7,29,12.906,80.292,0.0
7,30,12.906,80.3,0.0
7,31,12.906,80.308,0.0
7,32,12.906,80.316,0.0
8,0,12.914,80.06,17.0
8,1,12.914,80.068,20.0
8,2,12.914,80.076,20.0
8,3,12.914,80.084,24.0
8,4,12.914,80.092,24.0
8,5,12.914,80.1,21.0
8,6,12.914,80.108,26.0
8,7,12.914,80.116,29.0
8,8,12.914,80.124,32.0
8,9,12.914,80.132,25.0
8,10,12.914,80.14,25.0
8,11,12.914,80.148,31.0
8,12,12.914,80.156,23.0
8,13,12.914,80.164,14.0
8,14,12.914,80.172,18.0
8,15,12.914,80.18,15.0
8,16,12.914,80.188,14.0
8,17,12.914,80.196,19.0
8,18,12.914,80.204,5.0
8,19,12.914,80.212,1.0
8,20,12.914,80.22,2.0
8,21,12.914,80.228,1.0
8,22,12.914,80.236,3.0
8,23,12.914,80.244,1.0
8,24,12.914,80.252,10.0
8,25,12.914,80.26,0.0
8,26,12.914,80.268,0.0
8,27,12.914,80.276,0.0
8,28,12.914,80.284,0.0
8,29,12.914,80.292,0.0
8,30,12.914,80.3,0.0
8,31,12.914,80.308,0.0
8,32,12.914,80.316,0.0
9,0,12.922,80.06,18.0
9,1,12.922,80.068,17.0
9,2,12.922,80.076,16.0
9,3,12.922,80.084,19.0
9,4,12.922,80.092,20.0
9,5,12.922,80.1,18.0
9,6,12.922,80.108,25.0
9,7,12.922,80.116,33.0
9,8,12.922,80.124,43.0
9,9,12.922,80.132,29.0
9,10,12.922,80.14,29.0
9,11,12.922,80.148,24.0
9,12,12.922,80.156,25.0
9,13,12.922,80.164,22.0
9,14,12.922,80.172,27.0
9,15,12.922,80.18,17.0
9,16,12.922,80.188,18.0
9,17,12.922,80.196,18.0
9,18,12.922,80.204,15.0
9,19,12.922,80.212,2.0
9,20,12.922,80.22,1.0
9,21,12.922,80.228,5.0
9,22,12.922,80.236,3.0
9,23,12.922,80.244,1.0
9,24,12.922,80.252,12.0
9,25,12.922,80.26,0.0
9,26,12.922,80.268,0.0
9,27,12.922,80.276,0.0
9,28,12.922,80.284,0.0
9,29,12.922,80.292,0.0
9,30,12.922,80.3,0.0
9,31,12.922,80.308,0.0
9,32,12.922,80.316,0.0
10,0,12.93,80.06,18.0
10,1,12.93,80.068,17.0
10,2,12.93,80.076,16.0
10,3,12.93,80.084,15.0
10,4,12.93,80.092,15.0
10,5,12.93,80.1,20.0
10,6,12.93,80.108,32.0
10,7,12.93,80.116,33.0
10,8,12.93,80.124,31.0
10,9,12.93,80.132,32.0
10,10,12.93,80.14,26.0
10,11,12.93,80.148,20.0
10,12,12.93,80.156,15.0
10,13,12.93,80.164,19.0
10,14,12.93,80.172,30.0
10,15,12.93,80.18,19.0
10,16,12.93,80.188,10.0
10,17,12.93,80.196,8.0
10,18,12.93,80.204,14.0
10,19,12.93,80.212,6.0
10,20,12.93,80.22,1.0
10,21,12.93,80.228,2.0
10,22,12.93,80.236,7.0
10,23,12.93,80.244,2.0
10,24,12.93,80.252,8.0
10,25,12.93,80.26,0.0
10,26,12.93,80.268,0.0
10,27,12.93,80.276,0.0
10,28,12.93,80.284,0.0
10,29,12.93,80.292,0.0
10,30,12.93,80.3,0.0
10,31,12.93,80.308,0.0
10,32,12.93,80.316,0.0
11,0,12.938,80.06,17.0
11,1,12.938,80.068,19.0
11,2,12.938,80.076,16.0
11,3,12.938,80.084,16.0
11,4,12.938,80.092,15.0
11,5,12.938,80.1,20.0
11,6,12.938,80.108,75.0
11,7,12.938,80.116,27.0
11,8,12.938,80.124,38.0
11,9,12.938,80.132,33.0
11,10,12.938,80.14,29.0
11,11,12.938,80.148,28.0
11,12,12.938,80.156,21.0
11,13,12.938,80.164,12.0
11,14,12.938,80.172,12.0
11,15,12.938,80.18,15.0
11,16,12.938,80.188,15.0
11,17,12.938,80.196,7.0
11,18,12.938,80.204,8.0
11,19,12.938,80.212,7.0
11,20,12.938,80.22,2.0
11,21,12.938,80.228,1.0
11,22,12.938,80.236,9.0
11,23,12.938,80.244,3.0
11,24,12.938,80.252,7.0
11,25,12.938,80.26,0.0
11,26,12.938,80.268,0.0
11,27,12.938,80.276,0.0
11,28,12.938,80.284,0.0
11,29,12.938,80.292,0.0
11,30,12.938,80.3,0.0
11,31,12.938,80.308,0.0
11,32,12.938,80.316,0.0
12,0,12.946,80.06,22.0
12,1,12.946,80.068,38.0
12,2,12.946,80.076,18.0
12,3,12.946,80.084,15.0
12,4,12.946,80.092,15.0
12,5,12.946,80.1,16.0
12,6,12.946,80.108,21.0
12,7,12.946,80.116,27.0
12,8,12.946,80.124,30.0
12,9,12.946,80.132,28.0
12,10,12.946,80.14,32.0
12,11,12.946,80.148,26.0
12,12,12.946,80.156,20.0
12,13,12.946,80.164,16.0
12,14,12.946,80.172,11.0
12,15,12.946,80.18,7.0
12,16,12.946,80.188,7.0
12,17,12.946,80.196,12.0
12,18,12.946,80.204,2.0
12,19,12.946,80.212,7.0
12,20,12.946,80.22,1.0
12,21,12.946,80.228,1.0
12,22,12.946,80.236,8.0
12,23,12.946,80.244,5.0
12,24,12.946,80.252,6.0
12,25,12.946,80.26,9.0
12,26,12.946,80.268,0.0
12,27,12.946,80.276,0.0
12,28,12.946,80.284,0.0
12,29,12.946,80.292,0.0
12,30,12.946,80.3,0.0
12,31,12.946,80.308,0.0
12,32,12.946,80.316,0.0
13,0,12.954,80.06,27.0
13,1,12.954,80.068,32.0
13,2,12.954,80.076,19.0
13,3,12.954,80.084,22.0
13,4,12.954,80.092,16.0
13,5,12.954,80.1,16.0
13,6,12.954,80.108,15.0
13,7,12.954,80.116,23.0
13,8,12.954,80.124,17.0
13,9,12.954,80.132,37.0
13,10,12.954,80.14,34.0
13,11,12.954,80.148,25.0
13,12,12.954,80.156,17.0
13,13,12.954,80.164,14.0
13,14,12.954,80.172,12.0
13,15,12.954,80.18,10.0
13,16,12.954,80.188,10.0
13,17,12.954,80.196,6.0
13,18,12.954,80.204,3.0
13,19,12.954,80.212,5.0
13,20,12.954,80.22,5.0
13,21,12.954,80.228,9.0
13,22,12.954,80.236,6.0
13,23,12.954,80.244,7.0
13,24,12.954,80.252,5.0
13,25,12.954,80.26,9.0
13,26,12.954,80.268,0.0
13,27,12.954,80.276,0.0
13,28,12.954,80.284,0.0
13,29,12.954,80.292,0.0
13,30,12.954,80.3,0.0
13,31,12.954,80.308,0.0
13,32,12.954,80.316,0.0
14,0,12.962,80.06,27.0
14,1,12.962,80.068,25.0
14,2,12.962,80.076,22.0
14,3,12.962,80.084,21.0
14,4,12.962,80.092,18.0
14,5,12.962,80.1,15.0
14,6,12.962,80.108,14.0
14,7,12.962,80.116,21.0
14,8,12.962,80.124,20.0
14,9,12.962,80.132,22.0
14,10,12.962,80.14,28.0
14,11,12.962,80.148,24.0
14,12,12.962,80.156,27.0
14,13,12.962,80.164,23.0
14,14,12.962,80.172,25.0
14,15,12.962,80.18,13.0
14,16,12.962,80.188,14.0
14,17,12.962,80.196,12.0
14,18,12.962,80.204,8.0
14,19,12.962,80.212,3.0
14,20,12.962,80.22,4.0
14,21,12.962,80.228,1.0
14,22,12.962,80.236,5.0
14,23,12.962,80.244,13.0
14,24,12.962,80.252,6.0
14,25,12.962,80.26,9.0
14,26,12.962,80.268,0.0
14,27,12.962,80.276,0.0
14,28,12.962,80.284,0.0
14,29,12.962,80.292,0.0
14,30,12.962,80.3,0.0
14,31,12.962,80.308,0.0
14,32,12.962,80.316,0.0
15,0,12.97,80.06,25.0
15,1,12.97,80.068,20.0
15,2,12.97,80.076,19.0
15,3,12.97,80.084,18.0
15,4,12.97,80.092,22.0
15,5,12.97,80.1,17.0
15,6,12.97,80.108,15.0
15,7,12.97,80.116,14.0
15,8,12.97,80.124,21.0
15,9,12.97,80.132,25.0
15,10,12.97,80.14,21.0
15,11,12.97,80.148,25.0
15,12,12.97,80.156,31.0
15,13,12.97,80.164,79.0
15,14,12.97,80.172,27.0
15,15,12.97,80.18,14.0
15,16,12.97,80.188,18.0
15,17,12.97,80.196,11.0
15,18,12.97,80.204,7.0
15,19,12.97,80.212,5.0
15,20,12.97,80.22,7.0
15,21,12.97,80.228,4.0
15,22,12.97,80.236,12.0
15,23,12.97,80.244,9.0
15,24,12.97,80.252,7.0
15,25,12.97,80.26,11.0
15,26,12.97,80.268,0.0
15,27,12.97,80.276,0.0
15,28,12.97,80.284,0.0
15,29,12.97,80.292,0.0
15,30,12.97,80.3,0.0
15,31,12.97,80.308,0.0
15,32,12.97,80.316,0.0
16,0,12.978,80.06,23.0
16,1,12.978,80.068,27.0
16,2,12.978,80.076,20.0
16,3,12.978,80.084,19.0
16,4,12.978,80.092,20.0
16,5,12.978,80.1,21.0
16,6,12.978,80.108,17.0
16,7,12.978,80.116,16.0
16,8,12.978,80.124,16.0
16,9,12.978,80.132,23.0
16,10,12.978,80.14,20.0
16,11,12.978,80.148,16.0
16,12,12.978,80.156,21.0
16,13,12.978,80.164,25.0
16,14,12.978,80.172,22.0
16,15,12.978,80.18,19.0
16,16,12.978,80.188,17.0
16,17,12.978,80.196,12.0
16,18,12.978,80.204,7.0
16,19,12.978,80.212,7.0
16,20,12.978,80.22,12.0
16,21,12.978,80.228,6.0
16,22,12.978,80.236,5.0
16,23,12.978,80.244,5.0
16,24,12.978,80.252,6.0
16,25,12.978,80.26,10.0
16,26,12.978,80.268,0.0
16,27,12.978,80.276,0.0
16,28,12.978,80.284,0.0
16,29,12.978,80.292,0.0
16,30,12.978,80.3,0.0
16,31,12.978,80.308,0.0
16,32,12.978,80.316,0.0
17,0,12.986,80.06,21.0
17,1,12.986,80.068,28.0
17,2,12.986,80.076,21.0
17,3,12.986,80.084,24.0
17,4,12.986,80.092,22.0
17,5,12.986,80.1,20.0
17,6,12.986,80.108,19.0
17,7,12.986,80.116,18.0
17,8,12.986,80.124,10.0
17,9,12.986,80.132,16.0
17,10,12.986,80.14,19.0
17,11,12.986,80.148,13.0
17,12,12.986,80.156,12.0
17,13,12.986,80.164,12.0
17,14,12.986,80.172,19.0
17,15,12.986,80.18,15.0
17,16,12.986,80.188,16.0
17,17,12.986,80.196,10.0
17,18,12.986,80.204,11.0
17,19,12.986,80.212,10.0
17,20,12.986,80.22,10.0
17,21,12.986,80.228,14.0
17,22,12.986,80.236,14.0
17,23,12.986,80.244,7.0
17,24,12.986,80.252,5.0
17,25,12.986,80.26,10.0
17,26,12.986,80.268,5.0
17,27,12.986,80.276,0.0
17,28,12.986,80.284,0.0
17,29,12.986,80.292,0.0
17,30,12.986,80.3,0.0
17,31,12.986,80.308,0.0
17,32,12.986,80.316,0.0
18,0,12.994,80.06,21.0
18,1,12.994,80.068,22.0
18,2,12.994,80.076,25.0
18,3,12.994,80.084,20.0
18,4,12.994,80.092,23.0
18,5,12.994,80.1,20.0
18,6,12.994,80.108,21.4
18,7,12.994,80.116,20.8
18,8,12.994,80.124,20.2
18,9,12.994,80.132,19.6
18,10,12.994,80.14,19.0
18,11,12.994,80.148,18.4
18,12,12.994,80.156,17.8
18,13,12.994,80.164,17.2
18,14,12.994,80.172,16.6
18,15,12.994,80.18,16.0
18,16,12.994,80.188,15.4
18,17,12.994,80.196,14.8
18,18,12.994,80.204,14.2
18,19,12.994,80.212,13.6
18,20,12.994,80.22,13.0
18,21,12.994,80.228,12.4
18,22,12.994,80.236,11.8
18,23,12.994,80.244,11.2
18,24,12.994,80.252,10.6
18,25,12.994,80.26,10.0
18,26,12.994,80.268,9.4
18,27,12.994,80.276,8.8
18,28,12.994,80.284,8.2
18,29,12.994,80.292,7.6
18,30,12.994,80.3,7.0
18,31,12.994,80.308,6.4
18,32,12.994,80.316,5.8
19,0,13.002,80.06,25.0
19,1,13.002,80.068,24.4
19,2,13.002,80.076,23.8
19,3,13.002,80.084,23.2
19,4,13.002,80.092,22.6
19,5,13.002,80.1,22.0
19,6,13.002,80.108,21.4
19,7,13.002,80.116,20.8
19,8,13.002,80.124,20.2
19,9,13.002,80.132,19.6
19,10,13.002,80.14,19.0
19,11,13.002,80.148,18.4
19,12,13.002,80.156,17.8
19,13,13.002,80.164,17.2
19,14,13.002,80.172,16.6
19,15,13.002,80.18,16.0
19,16,13.002,80.188,15.4
19,17,13.002,80.196,14.8
19,18,13.002,80.204,14.2
19,19,13.002,80.212,13.6
19,20,13.002,80.22,13.0
19,21,13.002,80.228,12.4
19,22,13.002,80.236,11.8
19,23,13.002,80.244,11.2
19,24,13.002,80.252,10.6
19,25,13.002,80.26,10.0
19,26,13.002,80.268,9.4
19,27,13.002,80.276,8.8
19,28,13.002,80.284,8.2
19,29,13.002,80.292,7.6
19,30,13.002,80.3,7.0
19,31,13.002,80.308,6.4
19,32,13.002,80.316,5.8
20,0,13.01,80.06,25.0
20,1,13.01,80.068,24.4
20,2,13.01,80.076,23.8
20,3,13.01,80.084,23.2
20,4,13.01,80.092,22.6
20,5,13.01,80.1,22.0
20,6,13.01,80.108,21.4
20,7,13.01,80.116,20.8
20,8,13.01,80.124,20.2
20,9,13.01,80.132,19.6
20,10,13.01,80.14,19.0
20,11,13.01,80.148,18.4
20,12,13.01,80.156,17.8
20,13,13.01,80.164,17.2
20,14,13.01,80.172,16.6
20,15,13.01,80.18,16.0
20,16,13.01,80.188,15.4
20,17,13.01,80.196,14.8
20,18,13.01,80.204,14.2
20,19,13.01,80.212,13.6
20,20,13.01,80.22,13.0
20,21,13.01,80.228,12.4
20,22,13.01,80.236,11.8
20,23,13.01,80.244,11.2
20,24,13.01,80.252,10.6
20,25,13.01,80.26,10.0
20,26,13.01,80.268,9.4
20,27,13.01,80.276,8.8
20,28,13.01,80.284,8.2
20,29,13.01,80.292,7.6
20,30,13.01,80.3,7.0
20,31,13.01,80.308,6.4
20,32,13.01,80.316,5.8
21,0,13.018,80.06,25.0
21,1,13.018,80.068,24.4
21,2,13.018,80.076,23.8
21,3,13.018,80.084,23.2
21,4,13.018,80.092,22.6
21,5,13.018,80.1,22.0
21,6,13.018,80.108,21.4
21,7,13.018,80.116,20.8
21,8,13.018,80.124,20.2
21,9,13.018,80.132,19.6
21,10,13.018,80.14,19.0
21,11,13.018,80.148,18.4
21,12,13.018,80.156,17.8
21,13,13.018,80.164,17.2
21,14,13.018,80.172,16.6
21,15,13.018,80.18,16.0
21,16,13.018,80.188,15.4
21,17,13.018,80.196,14.8
21,18,13.018,80.204,14.2
21,19,13.018,80.212,13.6
21,20,13.018,80.22,13.0
21,21,13.018,80.228,12.4
21,22,13.018,80.236,11.8
21,23,13.018,80.244,11.2
21,24,13.018,80.252,10.6
21,25,13.018,80.26,10.0
21,26,13.018,80.268,9.4
21,27,13.018,80.276,8.8
21,28,13.018,80.284,8.2
21,29,13.018,80.292,7.6
21,30,13.018,80.3,7.0
21,31,13.018,80.308,6.4
21,32,13.018,80.316,5.8
22,0,13.026,80.06,25.0
22,1,13.026,80.068,24.4
22,2,13.026,80.076,23.8
22,3,13.026,80.084,23.2
22,4,13.026,80.092,22.6
22,5,13.026,80.1,22.0
22,6,13.026,80.108,21.4
22,7,13.026,80.116,20.8
22,8,13.026,80.124,20.2
22,9,13.026,80.132,19.6
22,10,13.026,80.14,19.0
22,11,13.026,80.148,18.4
22,12,13.026,80.156,17.8
22,13,13.026,80.164,17.2
22,14,13.026,80.172,16.6
22,15,13.026,80.18,16.0
22,16,13.026,80.188,15.4
22,17,13.026,80.196,14.8
22,18,13.026,80.204,14.2
22,19,13.026,80.212,13.6
22,20,13.026,80.22,13.0
22,21,13.026,80.228,12.4
22,22,13.026,80.236,11.8
22,23,13.026,80.244,11.2
22,24,13.026,80.252,10.6
22,25,13.026,80.26,10.0
22,26,13.026,80.268,9.4
22,27,13.026,80.276,8.8
22,28,13.026,80.284,8.2
22,29,13.026,80.292,7.6
22,30,13.026,80.3,7.0
22,31,13.026,80.308,6.4
22,32,13.026,80.316,5.8
23,0,13.034,80.06,25.0
23,1,13.034,80.068,24.4
23,2,13.034,80.076,23.8
23,3,13.034,80.084,23.2
23,4,13.034,80.092,22.6
23,5,13.034,80.1,22.0
23,6,13.034,80.108,21.4
23,7,13.034,80.116,20.8
23,8,13.034,80.124,20.2
23,9,13.034,80.132,19.6
23,10,13.034,80.14,19.0
23,11,13.034,80.148,18.4
23,12,13.034,80.156,17.8
23,13,13.034,80.164,17.2
23,14,13.034,80.172,16.6
23,15,13.034,80.18,16.0
23,16,13.034,80.188,15.4
23,17,13.034,80.196,14.8
23,18,13.034,80.204,14.2
23,19,13.034,80.212,13.6
23,20,13.034,80.22,13.0
23,21,13.034,80.228,12.4
23,22,13.034,80.236,11.8
23,23,13.034,80.244,11.2
23,24,13.034,80.252,10.6
23,25,13.034,80.26,10.0
23,26,13.034,80.268,9.4
23,27,13.034,80.276,8.8
23,28,13.034,80.284,8.2
23,29,13.034,80.292,7.6
23,30,13.034,80.3,7.0
23,31,13.034,80.308,6.4
23,32,13.034,80.316,5.8
24,0,13.042,80.06,25.0
24,1,13.042,80.068,24.4
24,2,13.042,80.076,23.8
24,3,13.042,80.084,23.2
24,4,13.042,80.092,22.6
24,5,13.042,80.1,22.0
24,6,13.042,80.108,21.4
24,7,13.042,80.116,20.8
24,8,13.042,80.124,20.2
24,9,13.042,80.132,19.6
24,10,13.042,80.14,19.0
24,11,13.042,80.148,18.4
24,12,13.042,80.156,17.8
24,13,13.042,80.164,17.2
24,14,13.042,80.172,16.6
24,15,13.042,80.18,16.0
24,16,13.042,80.188,15.4
24,17,13.042,80.196,14.8
24,18,13.042,80.204,14.2
24,19,13.042,80.212,13.6
24,20,13.042,80.22,13.0
24,21,13.042,80.228,12.4
24,22,13.042,80.236,11.8
24,23,13.042,80.244,11.2
24,24,13.042,80.252,10.6
24,25,13.042,80.26,10.0
24,26,13.042,80.268,9.4
24,27,13.042,80.276,8.8
24,28,13.042,80.284,8.2
24,29,13.042,80.292,7.6
24,30,13.042,80.3,7.0
24,31,13.042,80.308,6.4
24,32,13.042,80.316,5.8
25,0,13.05,80.06,25.0
25,1,13.05,80.068,24.4
25,2,13.05,80.076,23.8
25,3,13.05,80.084,23.2
25,4,13.05,80.092,22.6
25,5,13.05,80.1,22.0
25,6,13.05,80.108,21.4
25,7,13.05,80.116,20.8
25,8,13.05,80.124,20.2
25,9,13.05,80.132,19.6
25,10,13.05,80.14,19.0
25,11,13.05,80.148,18.4
25,12,13.05,80.156,17.8
25,13,13.05,80.164,17.2
25,14,13.05,80.172,16.6
25,15,13.05,80.18,16.0
25,16,13.05,80.188,15.4
25,17,13.05,80.196,14.8
25,18,13.05,80.204,14.2
25,19,13.05,80.212,13.6
25,20,13.05,80.22,13.0
25,21,13.05,80.228,12.4
25,22,13.05,80.236,11.8
25,23,13.05,80.244,11.2
25,24,13.05,80.252,10.6
25,25,13.05,80.26,10.0
25,26,13.05,80.268,9.4
25,27,13.05,80.276,8.8
25,28,13.05,80.284,8.2
25,29,13.05,80.292,7.6
25,30,13.05,80.3,7.0
25,31,13.05,80.308,6.4
25,32,13.05,80.316,5.8
26,0,13.058,80.06,25.0
26,1,13.058,80.068,24.4
26,2,13.058,80.076,23.8
26,3,13.058,80.084,23.2
26,4,13.058,80.092,22.6
26,5,13.058,80.1,22.0
26,6,13.058,80.108,21.4
26,7,13.058,80.116,20.8
26,8,13.058,80.124,20.2
26,9,13.058,80.132,19.6
26,10,13.058,80.14,19.0
26,11,13.058,80.148,18.4
26,12,13.058,80.156,17.8
26,13,13.058,80.164,17.2
26,14,13.058,80.172,16.6
26,15,13.058,80.18,16.0
26,16,13.058,80.188,15.4
26,17,13.058,80.196,14.8
26,18,13.058,80.204,14.2
26,19,13.058,80.212,13.6
26,20,13.058,80.22,13.0
26,21,13.058,80.228,12.4
26,22,13.058,80.236,11.8
26,23,13.058,80.244,11.2
26,24,13.058,80.252,10.6
26,25,13.058,80.26,10.0
26,26,13.058,80.268,9.4
26,27,13.058,80.276,8.8
26,28,13.058,80.284,8.2
26,29,13.058,80.292,7.6
26,30,13.058,80.3,7.0
26,31,13.058,80.308,6.4
26,32,13.058,80.316,5.8
27,0,13.066,80.06,25.0
27,1,13.066,80.068,24.4
27,2,13.066,80.076,23.8
27,3,13.066,80.084,23.2
27,4,13.066,80.092,22.6
27,5,13.066,80.1,22.0
27,6,13.066,80.108,21.4
27,7,13.066,80.116,20.8
27,8,13.066,80.124,20.2
27,9,13.066,80.132,19.6
27,10,13.066,80.14,19.0
27,11,13.066,80.148,18.4
27,12,13.066,80.156,17.8
27,13,13.066,80.164,17.2
27,14,13.066,80.172,16.6
27,15,13.066,80.18,16.0
27,16,13.066,80.188,15.4
27,17,13.066,80.196,14.8
27,18,13.066,80.204,14.2
27,19,13.066,80.212,13.6
27,20,13.066,80.22,13.0
27,21,13.066,80.228,12.4
27,22,13.066,80.236,11.8
27,23,13.066,80.244,11.2
27,24,13.066,80.252,10.6
27,25,13.066,80.26,10.0
27,26,13.066,80.268,9.4
27,27,13.066,80.276,8.8
27,28,13.066,80.284,8.2
27,29,13.066,80.292,7.6
27,30,13.066,80.3,7.0
27,31,13.066,80.308,6.4
27,32,13.066,80.316,5.8
28,0,13.074,80.06,25.0
28,1,13.074,80.068,24.4
28,2,13.074,80.076,23.8
28,3,13.074,80.084,23.2
28,4,13.074,80.092,22.6
28,5,13.074,80.1,22.0
28,6,13.074,80.108,21.4
28,7,13.074,80.116,20.8
28,8,13.074,80.124,20.2
28,9,13.074,80.132,19.6
28,10,13.074,80.14,19.0
28,11,13.074,80.148,18.4
28,12,13.074,80.156,17.8
28,13,13.074,80.164,17.2
28,14,13.074,80.172,16.6
28,15,13.074,80.18,16.0
28,16,13.074,80.188,15.4
28,17,13.074,80.196,14.8
28,18,13.074,80.204,14.2
28,19,13.074,80.212,13.6
28,20,13.074,80.22,13.0
28,21,13.074,80.228,12.4
28,22,13.074,80.236,11.8
28,23,13.074,80.244,11.2
28,24,13.074,80.252,10.6
28,25,13.074,80.26,10.0
28,26,13.074,80.268,9.4
28,27,13.074,80.276,8.8
28,28,13.074,80.284,8.2
28,29,13.074,80.292,7.6
28,30,13.074,80.3,7.0
28,31,13.074,80.308,6.4
28,32,13.074,80.316,5.8
29,0,13.082,80.06,25.0
29,1,13.082,80.068,24.4
29,2,13.082,80.076,23.8
29,3,13.082,80.084,23.2
29,4,13.082,80.092,22.6
29,5,13.082,80.1,22.0
29,6,13.082,80.108,21.4
29,7,13.082,80.116,20.8
29,8,13.082,80.124,20.2
29,9,13.082,80.132,19.6
29,10,13.082,80.14,19.0
29,11,13.082,80.148,18.4
29,12,13.082,80.156,17.8
29,13,13.082,80.164,17.2
29,14,13.082,80.172,16.6
29,15,13.082,80.18,16.0
29,16,13.082,80.188,15.4
29,17,13.082,80.196,14.8
29,18,13.082,80.204,14.2
29,19,13.082,80.212,13.6
29,20,13.082,80.22,13.0
29,21,13.082,80.228,12.4
29,22,13.082,80.236,11.8
29,23,13.082,80.244,11.2
29,24,13.082,80.252,10.6
29,25,13.082,80.26,10.0
29,26,13.082,80.268,9.4
29,27,13.082,80.276,8.8
29,28,13.082,80.284,8.2
29,29,13.082,80.292,7.6
29,30,13.082,80.3,7.0
29,31,13.082,80.308,6.4
29,32,13.082,80.316,5.8
30,0,13.09,80.06,25.0
30,1,13.09,80.068,24.4
30,2,13.09,80.076,23.8
30,3,13.09,80.084,23.2
30,4,13.09,80.092,22.6
30,5,13.09,80.1,22.0
30,6,13.09,80.108,21.4
30,7,13.09,80.116,20.8
30,8,13.09,80.124,20.2
30,9,13.09,80.132,19.6
30,10,13.09,80.14,19.0
30,11,13.09,80.148,18.4
30,12,13.09,80.156,17.8
30,13,13.09,80.164,17.2
30,14,13.09,80.172,16.6
30,15,13.09,80.18,16.0
30,16,13.09,80.188,15.4
30,17,13.09,80.196,14.8
30,18,13.09,80.204,14.2
30,19,13.09,80.212,13.6
30,20,13.09,80.22,13.0
30,21,13.09,80.228,12.4
30,22,13.09,80.236,11.8
30,23,13.09,80.244,11.2
30,24,13.09,80.252,10.6
30,25,13.09,80.26,10.0
30,26,13.09,80.268,9.4
30,27,13.09,80.276,8.8
30,28,13.09,80.284,8.2
30,29,13.09,80.292,7.6
30,30,13.09,80.3,7.0
30,31,13.09,80.308,6.4
30,32,13.09,80.316,5.8
31,0,13.098,80.06,25.0
31,1,13.098,80.068,24.4
31,2,13.098,80.076,23.8
31,3,13.098,80.084,23.2
31,4,13.098,80.092,22.6
31,5,13.098,80.1,22.0
31,6,13.098,80.108,21.4
31,7,13.098,80.116,20.8
31,8,13.098,80.124,20.2
31,9,13.098,80.132,19.6
31,10,13.098,80.14,19.0
31,11,13.098,80.148,18.4
31,12,13.098,80.156,17.8
31,13,13.098,80.164,17.2
31,14,13.098,80.172,16.6
31,15,13.098,80.18,16.0
31,16,13.098,80.188,15.4
31,17,13.098,80.196,14.8
31,18,13.098,80.204,14.2
31,19,13.098,80.212,13.6
31,20,13.098,80.22,13.0
31,21,13.098,80.228,12.4
31,22,13.098,80.236,11.8
31,23,13.098,80.244,11.2
31,24,13.098,80.252,10.6
31,25,13.098,80.26,10.0
31,26,13.098,80.268,9.4
31,27,13.098,80.276,8.8
31,28,13.098,80.284,8.2
31,29,13.098,80.292,7.6
31,30,13.098,80.3,7.0
31,31,13.098,80.308,6.4
31,32,13.098,80.316,5.8
32,0,13.106,80.06,25.0
32,1,13.106,80.068,24.4
32,2,13.106,80.076,23.8
32,3,13.106,80.084,23.2
32,4,13.106,80.092,22.6
32,5,13.106,80.1,22.0
32,6,13.106,80.108,21.4
32,7,13.106,80.116,20.8
32,8,13.106,80.124,20.2
32,9,13.106,80.132,19.6
32,10,13.106,80.14,19.0
32,11,13.106,80.148,18.4
32,12,13.106,80.156,17.8
32,13,13.106,80.164,17.2
32,14,13.106,80.172,16.6
32,15,13.106,80.18,16.0
32,16,13.106,80.188,15.4
32,17,13.106,80.196,14.8
32,18,13.106,80.204,14.2
32,19,13.106,80.212,13.6
32,20,13.106,80.22,13.0
32,21,13.106,80.228,12.4
32,22,13.106,80.236,11.8
32,23,13.106,80.244,11.2
32,24,13.106,80.252,10.6
32,25,13.106,80.26,10.0
32,26,13.106,80.268,9.4
32,27,13.106,80.276,8.8
32,28,13.106,80.284,8.2
32,29,13.106,80.292,7.6
32,30,13.106,80.3,7.0
32,31,13.106,80.308,6.4
32,32,13.106,80.316,5.8
33,0,13.114,80.06,25.0
33,1,13.114,80.068,24.4
33,2,13.114,80.076,23.8
33,3,13.114,80.084,23.2
33,4,13.114,80.092,22.6
33,5,13.114,80.1,22.0
33,6,13.114,80.108,21.4
33,7,13.114,80.116,20.8
33,8,13.114,80.124,20.2
33,9,13.114,80.132,19.6
33,10,13.114,80.14,19.0
33,11,13.114,80.148,25.0
33,12,13.114,80.156,20.0
33,13,13.114,80.164,14.0
33,14,13.114,80.172,15.0
33,15,13.114,80.18,15.0
33,16,13.114,80.188,13.0
33,17,13.114,80.196,10.0
33,18,13.114,80.204,13.0
33,19,13.114,80.212,15.0
33,20,13.114,80.22,16.0
33,21,13.114,80.228,15.0
33,22,13.114,80.236,12.0
33,23,13.114,80.244,12.0
33,24,13.114,80.252,10.0
33,25,13.114,80.26,7.0
33,26,13.114,80.268,5.0
33,27,13.114,80.276,5.0
33,28,13.114,80.284,9.0
33,29,13.114,80.292,11.0
33,30,13.114,80.3,7.0
33,31,13.114,80.308,0.0
33,32,13.114,80.316,0.0
34,0,13.122,80.06,37.0
34,1,13.122,80.068,36.0
34,2,13.122,80.076,35.0
34,3,13.122,80.084,30.0
34,4,13.122,80.092,33.0
34,5,13.122,80.1,30.0
34,6,13.122,80.108,37.0
34,7,13.122,80.116,30.0
34,8,13.122,80.124,23.0
34,9,13.122,80.132,27.0
34,10,13.122,80.14,21.0
34,11,13.122,80.148,28.0
34,12,13.122,80.156,24.0
34,13,13.122,80.164,22.0
34,14,13.122,80.172,12.0
34,15,13.122,80.18,11.0
34,16,13.122,80.188,12.0
34,17,13.122,80.196,11.0
34,18,13.122,80.204,13.0
34,19,13.122,80.212,12.0
34,20,13.122,80.22,14.0
34,21,13.122,80.228,12.0
34,22,13.122,80.236,12.0
34,23,13.122,80.244,8.0
34,24,13.122,80.252,9.0
34,25,13.122,80.26,9.0
34,26,13.122,80.268,5.0
34,27,13.122,80.276,8.0
34,28,13.122,80.284,9.0
34,29,13.122,80.292,12.0
34,30,13.122,80.3,0.0
34,31,13.122,80.308,0.0
34,32,13.122,80.316,0.0
35,0,13.13,80.06,40.0
35,1,13.13,80.068,44.0
35,2,13.13,80.076,40.0
35,3,13.13,80.084,39.0
35,4,13.13,80.092,44.0
35,5,13.13,80.1,35.0
35,6,13.13,80.108,35.0
35,7,13.13,80.116,30.0
35,8,13.13,80.124,29.0
35,9,13.13,80.132,32.0
35,10,13.13,80.14,22.0
35,11,13.13,80.148,21.0
35,12,13.13,80.156,29.0
35,13,13.13,80.164,18.0
35,14,13.13,80.172,18.0
35,15,13.13,80.18,13.0
35,16,13.13,80.188,17.0
35,17,13.13,80.196,10.0
35,18,13.13,80.204,14.0
35,19,13.13,80.212,13.0
35,20,13.13,80.22,10.0
35,21,13.13,80.228,10.0
35,22,13.13,80.236,7.0
35,23,13.13,80.244,10.0
35,24,13.13,80.252,9.0
35,25,13.13,80.26,8.0
35,26,13.13,80.268,7.0
35,27,13.13,80.276,9.0
35,28,13.13,80.284,4.0
35,29,13.13,80.292,8.0
35,30,13.13,80.3,0.0
35,31,13.13,80.308,0.0
35,32,13.13,80.316,0.0
36,0,13.138,80.06,42.0
36,1,13.138,80.068,56.0
36,2,13.138,80.076,43.0
36,3,13.138,80.084,38.0
36,4,13.138,80.092,39.0
36,5,13.138,80.1,30.0
36,6,13.138,80.108,30.0
36,7,13.138,80.116,30.0
36,8,13.138,80.124,26.0
36,9,13.138,80.132,30.0
36,10,13.138,80.14,21.0
36,11,13.138,80.148,14.0
36,12,13.138,80.156,21.0
36,13,13.138,80.164,13.0
36,14,13.138,80.172,21.0
36,15,13.138,80.18,15.0
36,16,13.138,80.188,14.0
36,17,13.138,80.196,9.0
36,18,13.138,80.204,12.0
36,19,13.138,80.212,9.0
36,20,13.138,80.22,7.0
36,21,13.138,80.228,10.0
36,22,13.138,80.236,10.0
36,23,13.138,80.244,9.0
36,24,13.138,80.252,10.0
36,25,13.138,80.26,5.0
36,26,13.138,80.268,2.0
36,27,13.138,80.276,2.0
36,28,13.138,80.284,4.0
36,29,13.138,80.292,10.0
36,30,13.138,80.3,0.0
36,31,13.138,80.308,0.0
36,32,13.138,80.316,0.0
37,0,13.146,80.06,38.0
37,1,13.146,80.068,41.0
37,2,13.146,80.076,38.0
37,3,13.146,80.084,31.0
37,4,13.146,80.092,24.0
37,5,13.146,80.1,23.0
37,6,13.146,80.108,23.0
37,7,13.146,80.116,21.0
37,8,13.146,80.124,20.0
37,9,13.146,80.132,20.0
37,10,13.146,80.14,13.0
37,11,13.146,80.148,13.0
37,12,13.146,80.156,13.0
37,13,13.146,80.164,13.0
37,14,13.146,80.172,13.0
37,15,13.146,80.18,16.0
37,16,13.146,80.188,16.0
37,17,13.146,80.196,10.0
37,18,13.146,80.204,12.0
37,19,13.146,80.212,6.0
37,20,13.146,80.22,9.0
37,21,13.146,80.228,9.0
37,22,13.146,80.236,12.0
37,23,13.146,80.244,8.0
37,24,13.146,80.252,12.0
37,25,13.146,80.26,5.0
37,26,13.146,80.268,3.0
37,27,13.146,80.276,4.0
37,28,13.146,80.284,3.0
37,29,13.146,80.292,8.0
37,30,13.146,80.3,11.0
37,31,13.146,80.308,0.0
37,32,13.146,80.316,0.0
38,0,13.154,80.06,28.0
38,1,13.154,80.068,33.0
38,2,13.154,80.076,33.0
38,3,13.154,80.084,34.0
38,4,13.154,80.092,29.0
38,5,13.154,80.1,28.0
38,6,13.154,80.108,20.0
38,7,13.154,80.116,19.0
38,8,13.154,80.124,17.0
38,9,13.154,80.132,16.0
38,10,13.154,80.14,17.0
38,11,13.154,80.148,16.0
38,12,13.154,80.156,14.0
38,13,13.154,80.164,13.0
38,14,13.154,80.172,13.0
38,15,13.154,80.18,13.0
38,16,13.154,80.188,13.0
38,17,13.154,80.196,16.0
38,18,13.154,80.204,20.0
38,19,13.154,80.212,13.0
38,20,13.154,80.22,6.0
38,21,13.154,80.228,10.0
38,22,13.154,80.236,7.0
38,23,13.154,80.244,8.0
38,24,13.154,80.252,9.0
38,25,13.154,80.26,5.0
38,26,13.154,80.268,3.0
38,27,13.154,80.276,6.0
38,28,13.154,80.284,3.0
38,29,13.154,80.292,3.0
38,30,13.154,80.3,12.0
38,31,13.154,80.308,0.0
38,32,13.154,80.316,0.0
39,0,13.162,80.06,26.0
39,1,13.162,80.068,26.0
39,2,13.162,80.076,28.0
39,3,13.162,80.084,34.0
39,4,13.162,80.092,38.0
39,5,13.162,80.1,27.0
39,6,13.162,80.108,22.0
39,7,13.162,80.116,28.0
39,8,13.162,80.124,19.0
39,9,13.162,80.132,21.0
39,10,13.162,80.14,23.0
39,11,13.162,80.148,20.0
39,12,13.162,80.156,24.0
39,13,13.162,80.164,13.0
39,14,13.162,80.172,13.0
39,15,13.162,80.18,13.0
39,16,13.162,80.188,13.0
39,17,13.162,80.196,20.0
39,18,13.162,80.204,16.0
39,19,13.162,80.212,7.0
39,20,13.162,80.22,6.0
39,21,13.162,80.228,7.0
39,22,13.162,80.236,14.0
39,23,13.162,80.244,12.0
39,24,13.162,80.252,5.0
39,25,13.162,80.26,7.0
39,26,13.162,80.268,3.0
39,27,13.162,80.276,5.0
39,28,13.162,80.284,7.0
39,29,13.162,80.292,2.0
39,30,13.162,80.3,11.0
39,31,13.162,80.308,7.0
39,32,13.162,80.316,0.0
40,0,13.17,80.06,26.0
40,1,13.17,80.068,26.0
40,2,13.17,80.076,27.0
40,3,13.17,80.084,29.0
40,4,13.17,80.092,30.0
40,5,13.17,80.1,25.0
40,6,13.17,80.108,28.0
40,7,13.17,80.116,25.0
40,8,13.17,80.124,22.0
40,9,13.17,80.132,26.0
40,10,13.17,80.14,25.0
40,11,13.17,80.148,24.0
40,12,13.17,80.156,25.0
40,13,13.17,80.164,19.0
40,14,13.17,80.172,13.0
40,15,13.17,80.18,13.0
40,16,13.17,80.188,13.0
40,17,13.17,80.196,12.0
40,18,13.17,80.204,9.0
40,19,13.17,80.212,6.0
40,20,13.17,80.22,5.0
40,21,13.17,80.228,5.0
40,22,13.17,80.236,12.0
40,23,13.17,80.244,6.0
40,24,13.17,80.252,7.0
40,25,13.17,80.26,9.0
40,26,13.17,80.268,10.0
40,27,13.17,80.276,5.0
40,28,13.17,80.284,5.0
40,29,13.17,80.292,3.0
40,30,13.17,80.3,6.0
40,31,13.17,80.308,9.0
40,32,13.17,80.316,0.0
41,0,13.178,80.06,26.0
41,1,13.178,80.068,23.0
41,2,13.178,80.076,24.0
41,3,13.178,80.084,26.0
41,4,13.178,80.092,30.0
41,5,13.178,80.1,32.0
41,6,13.178,80.108,33.0
41,7,13.178,80.116,34.0
41,8,13.178,80.124,28.0
41,9,13.178,80.132,37.0
41,10,13.178,80.14,32.0
41,11,13.178,80.148,23.0
41,12,13.178,80.156,21.0
41,13,13.178,80.164,14.0
41,14,13.178,80.172,13.0
41,15,13.178,80.18,13.0
41,16,13.178,80.188,13.0
41,17,13.178,80.196,10.0
41,18,13.178,80.204,7.0
41,19,13.178,80.212,8.0
41,20,13.178,80.22,5.0
41,21,13.178,80.228,4.0
41,22,13.178,80.236,4.0
41,23,13.178,80.244,4.0
41,24,13.178,80.252,4.0
41,25,13.178,80.26,6.0
41,26,13.178,80.268,2.0
41,27,13.178,80.276,5.0
41,28,13.178,80.284,2.0
41,29,13.178,80.292,2.0
41,30,13.178,80.3,8.0
41,31,13.178,80.308,8.0
41,32,13.178,80.316,0.0
42,0,13.186,80.06,28.0
42,1,13.186,80.068,24.0
42,2,13.186,80.076,24.0
42,3,13.186,80.084,27.0
42,4,13.186,80.092,32.0
42,5,13.186,80.1,37.0
42,6,13.186,80.108,40.0
42,7,13.186,80.116,44.0
42,8,13.186,80.124,41.0
42,9,13.186,80.132,38.0
42,10,13.186,80.14,31.0
42,11,13.186,80.148,21.0
42,12,13.186,80.156,21.0
42,13,13.186,80.164,14.0
42,14,13.186,80.172,13.0
42,15,13.186,80.18,13.0
42,16,13.186,80.188,14.0
42,17,13.186,80.196,11.0
42,18,13.186,80.204,11.0
42,19,13.186,80.212,6.0
42,20,13.186,80.22,5.0
42,21,13.186,80.228,5.0
42,22,13.186,80.236,5.0
42,23,13.186,80.244,9.0
42,24,13.186,80.252,4.0
42,25,13.186,80.26,4.0
42,26,13.186,80.268,3.0
42,27,13.186,80.276,3.0
42,28,13.186,80.284,3.0
42,29,13.186,80.292,2.0
42,30,13.186,80.3,2.0
42,31,13.186,80.308,8.0
42,32,13.186,80.316,9.0
43,0,13.194,80.06,25.0
43,1,13.194,80.068,24.0
43,2,13.194,80.076,23.0
43,3,13.194,80.084,22.0
43,4,13.194,80.092,31.0
43,5,13.194,80.1,36.0
43,6,13.194,80.108,36.0
43,7,13.194,80.116,42.0
43,8,13.194,80.124,35.0
43,9,13.194,80.132,36.0
43,10,13.194,80.14,34.0
43,11,13.194,80.148,27.0
43,12,13.194,80.156,32.0
43,13,13.194,80.164,28.0
43,14,13.194,80.172,20.0
43,15,13.194,80.18,17.0
43,16,13.194,80.188,14.0
43,17,13.194,80.196,10.0
43,18,13.194,80.204,9.0
43,19,13.194,80.212,7.0
43,20,13.194,80.22,7.0
43,21,13.194,80.228,6.0
43,22,13.194,80.236,5.0
43,23,13.194,80.244,4.0
43,24,13.194,80.252,5.0
43,25,13.194,80.26,3.0
43,26,13.194,80.268,3.0
43,27,13.194,80.276,3.0
43,28,13.194,80.284,2.0
43,29,13.194,80.292,3.0
43,30,13.194,80.3,2.0
43,31,13.194,80.308,4.0
43,32,13.194,80.316,6.0
44,0,13.202,80.06,25.0
44,1,13.202,80.068,25.0
44,2,13.202,80.076,23.0
44,3,13.202,80.084,22.0
44,4,13.202,80.092,30.0
44,5,13.202,80.1,30.0
44,6,13.202,80.108,26.0
44,7,13.202,80.116,28.0
44,8,13.202,80.124,25.0
44,9,13.202,80.132,25.0
44,10,13.202,80.14,30.0
44,11,13.202,80.148,27.0
44,12,13.202,80.156,23.0
44,13,13.202,80.164,22.0
44,14,13.202,80.172,20.0
44,15,13.202,80.18,16.0
44,16,13.202,80.188,12.0
44,17,13.202,80.196,11.0
44,18,13.202,80.204,9.0
44,19,13.202,80.212,10.0
44,20,13.202,80.22,8.0
44,21,13.202,80.228,9.0
44,22,13.202,80.236,6.0
44,23,13.202,80.244,5.0
44,24,13.202,80.252,3.0
44,25,13.202,80.26,4.0
44,26,13.202,80.268,6.0
44,27,13.202,80.276,6.0
44,28,13.202,80.284,2.0
44,29,13.202,80.292,2.0
44,30,13.202,80.3,1.0
44,31,13.202,80.308,1.0
44,32,13.202,80.316,6.0
45,0,13.21,80.06,23.0
45,1,13.21,80.068,23.0
45,2,13.21,80.076,22.0
45,3,13.21,80.084,24.0
45,4,13.21,80.092,22.0
45,5,13.21,80.1,35.0
45,6,13.21,80.108,33.0
45,7,13.21,80.116,25.0
45,8,13.21,80.124,19.0
45,9,13.21,80.132,15.0
45,10,13.21,80.14,17.0
45,11,13.21,80.148,29.0
45,12,13.21,80.156,21.0
45,13,13.21,80.164,16.0
45,14,13.21,80.172,12.0
45,15,13.21,80.18,11.0
45,16,13.21,80.188,10.0
45,17,13.21,80.196,10.0
45,18,13.21,80.204,9.0
45,19,13.21,80.212,8.0
45,20,13.21,80.22,8.0
45,21,13.21,80.228,7.0
45,22,13.21,80.236,5.0
45,23,13.21,80.244,5.0
45,24,13.21,80.252,6.0
45,25,13.21,80.26,3.0
45,26,13.21,80.268,3.0
45,27,13.21,80.276,6.0
45,28,13.21,80.284,4.0
45,29,13.21,80.292,2.0
45,30,13.21,80.3,4.0
45,31,13.21,80.308,2.0
45,32,13.21,80.316,7.0
46,0,13.218,80.06,21.0
46,1,13.218,80.068,20.0
46,2,13.218,80.076,19.0
46,3,13.218,80.084,20.0
46,4,13.218,80.092,21.0
46,5,13.218,80.1,21.0
46,6,13.218,80.108,20.0
46,7,13.218,80.116,24.0
46,8,13.218,80.124,27.0
46,9,13.218,80.132,18.0
46,10,13.218,80.14,15.0
46,11,13.218,80.148,20.0
46,12,13.218,80.156,20.0
46,13,13.218,80.164,14.0
46,14,13.218,80.172,12.0
46,15,13.218,80.18,12.0
46,16,13.218,80.188,11.0
46,17,13.218,80.196,12.0
46,18,13.218,80.204,9.0
46,19,13.218,80.212,8.0
46,20,13.218,80.22,8.0
46,21,13.218,80.228,10.0
46,22,13.218,80.236,7.0
46,23,13.218,80.244,6.0
46,24,13.218,80.252,7.0
46,25,13.218,80.26,5.0
46,26,13.218,80.268,5.0
46,27,13.218,80.276,6.0
46,28,13.218,80.284,4.0
46,29,13.218,80.292,1.0
46,30,13.218,80.3,2.0
46,31,13.218,80.308,2.0
46,32,13.218,80.316,0.0
47,0,13.226,80.06,22.0
47,1,13.226,80.068,22.0
47,2,13.226,80.076,21.0
47,3,13.226,80.084,20.0
47,4,13.226,80.092,13.0
47,5,13.226,80.1,14.0
47,6,13.226,80.108,21.0
47,7,13.226,80.116,19.0
47,8,13.226,80.124,25.0
47,9,13.226,80.132,32.0
47,10,13.226,80.14,15.0
47,11,13.226,80.148,15.0
47,12,13.226,80.156,15.0
47,13,13.226,80.164,14.0
47,14,13.226,80.172,13.0
47,15,13.226,80.18,13.0
47,16,13.226,80.188,15.0
47,17,13.226,80.196,13.0
47,18,13.226,80.204,10.0
47,19,13.226,80.212,10.0
47,20,13.226,80.22,10.0
47,21,13.226,80.228,13.0
47,22,13.226,80.236,8.0
47,23,13.226,80.244,5.0
47,24,13.226,80.252,18.0
47,25,13.226,80.26,5.0
47,26,13.226,80.268,4.0
47,27,13.226,80.276,6.0
47,28,13.226,80.284,3.0
47,29,13.226,80.292,3.0
47,30,13.226,80.3,4.0
47,31,13.226,80.308,3.0
47,32,13.226,80.316,2.0
48,0,13.234,80.06,24.0
48,1,13.234,80.068,10.0
48,2,13.234,80.076,21.0
48,3,13.234,80.084,18.0
48,4,13.234,80.092,21.0
48,5,13.234,80.1,18.0
48,6,13.234,80.108,12.0
48,7,13.234,80.116,13.0
48,8,13.234,80.124,31.0
48,9,13.234,80.132,29.0
48,10,13.234,80.14,26.0
48,11,13.234,80.148,15.0
48,12,13.234,80.156,15.0
48,13,13.234,80.164,18.0
48,14,13.234,80.172,13.0
48,15,13.234,80.18,13.0
48,16,13.234,80.188,14.0
48,17,13.234,80.196,9.0
48,18,13.234,80.204,11.0
48,19,13.234,80.212,13.0
48,20,13.234,80.22,9.0
48,21,13.234,80.228,13.0
48,22,13.234,80.236,14.0
48,23,13.234,80.244,7.0
48,24,13.234,80.252,5.0
48,25,13.234,80.26,3.0
48,26,13.234,80.268,4.0
48,27,13.234,80.276,5.0
48,28,13.234,80.284,3.0
48,29,13.234,80.292,3.0
48,30,13.234,80.3,2.0
48,31,13.234,80.308,5.0
48,32,13.234,80.316,0.0
49,0,13.242,80.06,24.0
49,1,13.242,80.068,22.0
49,2,13.242,80.076,21.0
49,3,13.242,80.084,21.0
49,4,13.242,80.092,21.0
49,5,13.242,80.1,19.0
49,6,13.242,80.108,19.0
49,7,13.242,80.116,11.0
49,8,13.242,80.124,18.0
49,9,13.242,80.132,17.0
49,10,13.242,80.14,17.0
49,11,13.242,80.148,22.0
49,12,13.242,80.156,16.0
49,13,13.242,80.164,17.0
49,14,13.242,80.172,14.0
49,15,13.242,80.18,13.0
49,16,13.242,80.188,8.0
49,17,13.242,80.196,16.0
49,18,13.242,80.204,13.0
49,19,13.242,80.212,10.0
49,20,13.242,80.22,9.0
49,21,13.242,80.228,9.0
49,22,13.242,80.236,8.0
49,23,13.242,80.244,7.0
49,24,13.242,80.252,3.0
49,25,13.242,80.26,6.0
49,26,13.242,80.268,9.0
49,27,13.242,80.276,4.0
49,28,13.242,80.284,3.0
49,29,13.242,80.292,3.0
49,30,13.242,80.3,3.0
49,31,13.242,80.308,1.0
49,32,13.242,80.316,0.0
50,0,13.25,80.06,24.0
50,1,13.25,80.068,24.0
50,2,13.25,80.076,24.0
50,3,13.25,80.084,21.0
50,4,13.25,80.092,20.0
50,5,13.25,80.1,20.0
50,6,13.25,80.108,22.0
50,7,13.25,80.116,21.0
50,8,13.25,80.124,19.0
50,9,13.25,80.132,6.0
50,10,13.25,80.14,21.0
50,11,13.25,80.148,23.0
50,12,13.25,80.156,19.0
50,13,13.25,80.164,17.0
50,14,13.25,80.172,15.0
50,15,13.25,80.18,14.0
50,16,13.25,80.188,18.0
50,17,13.25,80.196,16.0
50,18,13.25,80.204,11.0
50,19,13.25,80.212,11.0
50,20,13.25,80.22,9.0
50,21,13.25,80.228,8.0
50,22,13.25,80.236,6.0
50,23,13.25,80.244,6.0
50,24,13.25,80.252,6.0
50,25,13.25,80.26,6.0
50,26,13.25,80.268,6.0
50,27,13.25,80.276,5.0
50,28,13.25,80.284,5.0
50,29,13.25,80.292,6.0
50,30,13.25,80.3,5.0
50,31,13.25,80.308,2.0
50,32,13.25,80.316,1.0
