row,col,lat,lon,elevation_m,flow_accumulation_cells,catchment_km2,twi,slope_deg
0,0,12.85,80.06,35.0,1.0,0.7522,11.59,0.462
0,1,12.85,80.068,29.0,1.0,0.7522,12.84,0.132
0,2,12.85,80.076,28.0,6.0,4.5131,15.46,0.047
0,3,12.85,80.084,33.0,2.0,1.5044,12.61,0.33
0,4,12.85,80.092,42.0,1.0,0.7522,11.33,0.595
0,5,12.85,80.1,34.0,1.0,0.7522,12.14,0.264
0,6,12.85,80.108,30.0,2.0,1.5044,13.18,0.187
0,7,12.85,80.116,34.0,1.0,0.7522,11.45,0.528
0,8,12.85,80.124,32.0,1.0,0.7522,11.59,0.462
0,9,12.85,80.132,25.0,2.0,1.5044,12.96,0.234
0,10,12.85,80.14,27.0,1.0,0.7522,11.59,0.462
0,11,12.85,80.148,23.0,1.0,0.7522,11.68,0.42
0,12,12.85,80.156,17.0,1.0,0.7522,12.14,0.264
0,13,12.85,80.164,13.0,2.0,1.5044,14.37,0.047
0,14,12.85,80.172,14.0,1.0,0.7522,11.74,0.396
0,15,12.85,80.18,8.0,2.0,1.5044,14.22,0.066
0,16,12.85,80.188,10.0,1.0,0.7522,12.78,0.14
0,17,12.85,80.196,12.0,1.0,0.7522,11.45,0.528
0,18,12.85,80.204,4.0,2.0,1.5044,14.37,0.05
0,19,12.85,80.212,7.0,3.0,2.2565,13.53,0.198
0,20,12.85,80.22,6.0,1.0,0.7522,12.43,0.198
0,21,12.85,80.228,13.0,1.0,0.7522,11.13,0.727
0,22,12.85,80.236,2.0,2.0,1.5044,14.22,0.066
0,23,12.85,80.244,7.0,1.0,0.7522,11.59,0.462
0,24,12.85,80.252,0.0,2.0,1.5044,14.37,0.05
0,25,12.85,80.26,0.0,3.0,2.2565,14.77,0.05
0,26,12.85,80.268,0.0,4.0,3.0087,15.06,0.05
0,27,12.85,80.276,0.0,5.0,3.7609,15.28,0.05
0,28,12.85,80.284,0.0,6.0,4.5131,15.46,0.05
0,29,12.85,80.292,0.0,7.0,5.2652,15.62,0.05
0,30,12.85,80.3,0.0,8.0,6.0174,15.75,0.05
0,31,12.85,80.308,0.0,9.0,6.7696,15.87,0.05
0,32,12.85,80.316,0.0,10.0,7.5218,15.98,0.05
1,0,12.858,80.06,28.0,2.0,1.5044,13.12,0.198
1,1,12.858,80.068,27.0,9.0,6.7696,15.38,0.093
1,2,12.858,80.076,33.0,1.0,0.7522,11.74,0.396
1,3,12.858,80.084,33.0,3.0,2.2565,13.37,0.234
1,4,12.858,80.092,38.0,1.0,0.7522,11.92,0.33
1,5,12.858,80.1,34.0,1.0,0.7522,12.27,0.234
1,6,12.858,80.108,31.0,1.0,0.7522,11.92,0.33
1,7,12.858,80.116,26.0,5.0,3.7609,14.79,0.093
1,8,12.858,80.124,38.0,1.0,0.7522,10.89,0.925
1,9,12.858,80.132,28.0,1.0,0.7522,11.45,0.528
1,10,12.858,80.14,20.0,5.0,3.7609,14.04,0.198
1,11,12.858,80.148,20.0,1.0,0.7522,11.74,0.396
1,12,12.858,80.156,14.0,3.0,2.2565,13.59,0.187
1,13,12.858,80.164,13.0,1.0,0.7522,12.43,0.198
1,14,12.858,80.172,12.0,3.0,2.2565,13.02,0.33
1,15,12.858,80.18,7.0,7.0,5.2652,15.13,0.093
1,16,12.858,80.188,10.0,1.0,0.7522,11.92,0.33
1,17,12.858,80.196,9.0,1.0,0.7522,12.14,0.264
1,18,12.858,80.204,6.0,1.0,0.7522,12.78,0.14
1,19,12.858,80.212,4.0,4.0,3.0087,14.92,0.066
1,20,12.858,80.22,3.0,6.0,4.5131,15.46,0.05
1,21,12.858,80.228,14.0,7.0,5.2652,12.91,0.859
1,22,12.858,80.236,1.0,10.0,7.5218,15.98,0.05
1,23,12.858,80.244,5.0,11.0,8.2739,14.32,0.33
1,24,12.858,80.252,0.0,12.0,9.0261,16.16,0.05
1,25,12.858,80.26,0.0,13.0,9.7783,16.24,0.05
1,26,12.858,80.268,0.0,14.0,10.5305,16.31,0.05
1,27,12.858,80.276,0.0,15.0,11.2826,16.38,0.05
1,28,12.858,80.284,0.0,16.0,12.0348,16.45,0.05
1,29,12.858,80.292,0.0,17.0,12.787,16.51,0.05
1,30,12.858,80.3,0.0,18.0,13.5392,16.56,0.05
1,31,12.858,80.308,0.0,19.0,14.2913,16.62,0.05
1,32,12.858,80.316,0.0,20.0,15.0435,16.67,0.05
2,0,12.866,80.06,25.0,12.0,9.0261,15.32,0.132
2,1,12.866,80.068,27.0,2.0,1.5044,13.12,0.198
2,2,12.866,80.076,38.0,1.0,0.7522,11.13,0.727
2,3,12.866,80.084,40.0,1.0,0.7522,11.57,0.467
2,4,12.866,80.092,42.0,1.0,0.7522,11.68,0.42
2,5,12.866,80.1,40.0,1.0,0.7522,11.13,0.727
2,6,12.866,80.108,29.0,3.0,2.2565,13.18,0.28
2,7,12.866,80.116,30.0,1.0,0.7522,11.57,0.467
2,8,12.866,80.124,24.0,7.0,5.2652,14.09,0.264
2,9,12.866,80.132,24.0,1.0,0.7522,11.59,0.462
2,10,12.866,80.14,17.0,7.0,5.2652,14.72,0.14
2,11,12.866,80.148,20.0,1.0,0.7522,11.59,0.462
2,12,12.866,80.156,13.0,2.0,1.5044,13.12,0.198
2,13,12.866,80.164,10.0,7.0,5.2652,15.62,0.05
2,14,12.866,80.172,12.0,8.0,6.0174,14.0,0.33
2,15,12.866,80.18,7.0,9.0,6.7696,15.04,0.132
2,16,12.866,80.188,5.0,18.0,13.5392,16.56,0.047
2,17,12.866,80.196,5.0,2.0,1.5044,13.88,0.093
2,18,12.866,80.204,4.0,1.0,0.7522,13.53,0.066
2,19,12.866,80.212,3.0,3.0,2.2565,14.77,0.05
2,20,12.866,80.22,8.0,1.0,0.7522,11.92,0.33
2,21,12.866,80.228,16.0,1.0,0.7522,10.82,0.991
2,22,12.866,80.236,1.0,4.0,3.0087,15.06,0.05
2,23,12.866,80.244,8.0,5.0,3.7609,13.06,0.528
2,24,12.866,80.252,0.0,6.0,4.5131,15.46,0.05
2,25,12.866,80.26,0.0,7.0,5.2652,15.62,0.05
2,26,12.866,80.268,0.0,8.0,6.0174,15.75,0.05
2,27,12.866,80.276,0.0,9.0,6.7696,15.87,0.05
2,28,12.866,80.284,0.0,10.0,7.5218,15.98,0.05
2,29,12.866,80.292,0.0,11.0,8.2739,16.07,0.05
2,30,12.866,80.3,0.0,12.0,9.0261,16.16,0.05
2,31,12.866,80.308,0.0,13.0,9.7783,16.24,0.05
2,32,12.866,80.316,0.0,14.0,10.5305,16.31,0.05
3,0,12.874,80.06,23.0,13.0,9.7783,16.1,0.066
3,1,12.874,80.068,24.0,6.0,4.5131,14.98,0.093
3,2,12.874,80.076,30.0,3.0,2.2565,12.84,0.396
3,3,12.874,80.084,43.0,1.0,0.7522,10.97,0.859
3,4,12.874,80.092,43.0,1.0,0.7522,11.24,0.654
3,5,12.874,80.1,35.0,1.0,0.7522,11.74,0.396
3,6,12.874,80.108,29.0,2.0,1.5044,12.43,0.396
3,7,12.874,80.116,23.0,6.0,4.5131,14.22,0.198
3,8,12.874,80.124,20.0,15.0,11.2826,15.49,0.14
3,9,12.874,80.132,21.0,1.0,0.7522,11.92,0.33
3,10,12.874,80.14,16.0,2.0,1.5044,13.53,0.132
3,11,12.874,80.148,14.0,10.0,7.5218,15.14,0.132
3,12,12.874,80.156,12.0,45.0,33.8479,16.64,0.132
3,13,12.874,80.164,10.0,46.0,34.6001,17.5,0.05
3,14,12.874,80.172,10.0,47.0,35.3523,16.63,0.14
3,15,12.874,80.18,8.0,1.0,0.7522,12.43,0.198
3,16,12.874,80.188,5.0,71.0,53.4045,17.79,0.066
3,17,12.874,80.196,4.0,92.0,69.2002,18.05,0.066
3,18,12.874,80.204,3.0,95.0,71.4567,18.23,0.047
3,19,12.874,80.212,5.0,1.0,0.7522,12.43,0.198
3,20,12.874,80.22,8.0,1.0,0.7522,11.92,0.33
3,21,12.874,80.228,8.0,1.0,0.7522,11.93,0.327
3,22,12.874,80.236,4.0,1.0,0.7522,12.43,0.198
3,23,12.874,80.244,11.0,1.0,0.7522,11.13,0.727
3,24,12.874,80.252,0.0,3.0,2.2565,14.77,0.05
3,25,12.874,80.26,0.0,4.0,3.0087,15.06,0.05
3,26,12.874,80.268,0.0,5.0,3.7609,15.28,0.05
3,27,12.874,80.276,0.0,6.0,4.5131,15.46,0.05
3,28,12.874,80.284,0.0,7.0,5.2652,15.62,0.05
3,29,12.874,80.292,0.0,8.0,6.0174,15.75,0.05
3,30,12.874,80.3,0.0,9.0,6.7696,15.87,0.05
3,31,12.874,80.308,0.0,10.0,7.5218,15.98,0.05
3,32,12.874,80.316,0.0,11.0,8.2739,16.07,0.05
4,0,12.882,80.06,22.0,21.0,15.7957,16.57,0.066
4,1,12.882,80.068,30.0,1.0,0.7522,11.45,0.528
4,2,12.882,80.076,36.0,1.0,0.7522,11.33,0.595
4,3,12.882,80.084,39.0,1.0,0.7522,11.39,0.561
4,4,12.882,80.092,50.0,1.0,0.7522,10.49,1.387
4,5,12.882,80.1,29.0,3.0,2.2565,14.28,0.093
4,6,12.882,80.108,49.0,1.0,0.7522,10.31,1.651
4,7,12.882,80.116,24.0,2.0,1.5044,12.61,0.33
4,8,12.882,80.124,19.0,3.0,2.2565,13.94,0.132
4,9,12.882,80.132,17.0,30.0,22.5653,16.24,0.132
4,10,12.882,80.14,15.0,32.0,24.0696,17.0,0.066
4,11,12.882,80.148,14.0,33.0,24.8218,16.68,0.093
4,12,12.882,80.156,17.0,1.0,0.7522,11.92,0.33
4,13,12.882,80.164,15.0,1.0,0.7522,11.92,0.33
4,14,12.882,80.172,10.0,2.0,1.5044,13.12,0.198
4,15,12.882,80.18,7.0,69.0,51.9002,17.42,0.093
4,16,12.882,80.188,7.0,1.0,0.7522,12.78,0.14
4,17,12.882,80.196,14.0,1.0,0.7522,11.23,0.661
4,18,12.882,80.204,5.0,1.0,0.7522,12.43,0.198
4,19,12.882,80.212,2.0,98.0,73.7133,18.26,0.05
4,20,12.882,80.22,3.0,2.0,1.5044,14.22,0.066
4,21,12.882,80.228,7.0,1.0,0.7522,12.14,0.264
4,22,12.882,80.236,3.0,2.0,1.5044,14.37,0.047
4,23,12.882,80.244,4.0,1.0,0.7522,12.49,0.187
4,24,12.882,80.252,4.0,1.0,0.7522,12.14,0.264
4,25,12.882,80.26,0.0,2.0,1.5044,14.37,0.05
4,26,12.882,80.268,0.0,3.0,2.2565,14.77,0.05
4,27,12.882,80.276,0.0,4.0,3.0087,15.06,0.05
4,28,12.882,80.284,0.0,5.0,3.7609,15.28,0.05
4,29,12.882,80.292,0.0,6.0,4.5131,15.46,0.05
4,30,12.882,80.3,0.0,7.0,5.2652,15.62,0.05
4,31,12.882,80.308,0.0,8.0,6.0174,15.75,0.05
4,32,12.882,80.316,0.0,9.0,6.7696,15.87,0.05
5,0,12.89,80.06,21.0,23.0,17.3001,16.67,0.066
5,1,12.89,80.068,29.0,1.0,0.7522,11.45,0.528
5,2,12.89,80.076,27.0,3.0,2.2565,13.24,0.264
5,3,12.89,80.084,36.0,1.0,0.7522,11.31,0.607
5,4,12.89,80.092,79.0,1.0,0.7522,9.68,3.102
5,5,12.89,80.1,53.0,1.0,0.7522,10.27,1.717
5,6,12.89,80.108,27.0,5.0,3.7609,13.75,0.264
5,7,12.89,80.116,23.0,6.0,4.5131,14.22,0.198
5,8,12.89,80.124,20.0,10.0,7.5218,15.08,0.14
5,9,12.89,80.132,25.0,1.0,0.7522,11.45,0.528
5,10,12.89,80.14,23.0,1.0,0.7522,11.45,0.528
5,11,12.89,80.148,16.0,10.0,7.5218,15.14,0.132
5,12,12.89,80.156,14.0,13.0,9.7783,15.0,0.198
5,13,12.89,80.164,11.0,14.0,10.5305,15.48,0.132
5,14,12.89,80.172,9.0,19.0,14.2913,16.13,0.093
5,15,12.89,80.18,8.0,1.0,0.7522,12.78,0.14
5,16,12.89,80.188,11.0,1.0,0.7522,11.74,0.396
5,17,12.89,80.196,10.0,1.0,0.7522,11.74,0.396
5,18,12.89,80.204,4.0,2.0,1.5044,13.53,0.132
5,19,12.89,80.212,2.0,3.0,2.2565,14.77,0.05
5,20,12.89,80.22,3.0,5.0,3.7609,15.14,0.066
5,21,12.89,80.228,8.0,1.0,0.7522,11.92,0.33
5,22,12.89,80.236,8.0,1.0,0.7522,11.74,0.396
5,23,12.89,80.244,2.0,4.0,3.0087,15.06,0.05
5,24,12.89,80.252,5.0,5.0,3.7609,13.53,0.33
5,25,12.89,80.26,0.0,6.0,4.5131,15.46,0.05
5,26,12.89,80.268,0.0,7.0,5.2652,15.62,0.05
5,27,12.89,80.276,0.0,8.0,6.0174,15.75,0.05
5,28,12.89,80.284,0.0,9.0,6.7696,15.87,0.05
5,29,12.89,80.292,0.0,10.0,7.5218,15.98,0.05
5,30,12.89,80.3,0.0,11.0,8.2739,16.07,0.05
5,31,12.89,80.308,0.0,12.0,9.0261,16.16,0.05
5,32,12.89,80.316,0.0,13.0,9.7783,16.24,0.05
6,0,12.898,80.06,20.0,25.0,18.8044,16.06,0.132
6,1,12.898,80.068,27.0,1.0,0.7522,11.59,0.462
6,2,12.898,80.076,23.0,5.0,3.7609,14.04,0.198
6,3,12.898,80.084,30.0,1.0,0.7522,11.57,0.467
6,4,12.898,80.092,32.0,2.0,1.5044,12.09,0.561
6,5,12.898,80.1,37.0,1.0,0.7522,10.7,1.123
6,6,12.898,80.108,36.0,1.0,0.7522,11.11,0.747
6,7,12.898,80.116,29.0,1.0,0.7522,11.68,0.42
6,8,12.898,80.124,24.0,2.0,1.5044,12.84,0.264
6,9,12.898,80.132,23.0,1.0,0.7522,11.92,0.33
6,10,12.898,80.14,18.0,9.0,6.7696,15.38,0.093
6,11,12.898,80.148,18.0,2.0,1.5044,13.18,0.187
6,12,12.898,80.156,19.0,1.0,0.7522,11.74,0.396
6,13,12.898,80.164,13.0,3.0,2.2565,13.59,0.187
6,14,12.898,80.172,16.0,1.0,0.7522,11.59,0.462
6,15,12.898,80.18,12.0,1.0,0.7522,11.59,0.462
6,16,12.898,80.188,5.0,15.0,11.2826,16.38,0.05
6,17,12.898,80.196,5.0,16.0,12.0348,15.61,0.132
6,18,12.898,80.204,3.0,17.0,12.787,16.36,0.066
6,19,12.898,80.212,2.0,18.0,13.5392,16.56,0.05
6,20,12.898,80.22,2.0,24.0,18.0522,16.85,0.05
6,21,12.898,80.228,6.0,1.0,0.7522,12.14,0.264
6,22,12.898,80.236,3.0,1.0,0.7522,13.67,0.047
6,23,12.898,80.244,4.0,1.0,0.7522,12.84,0.132
6,24,12.898,80.252,11.0,1.0,0.7522,11.13,0.727
6,25,12.898,80.26,0.0,2.0,1.5044,14.37,0.05
6,26,12.898,80.268,0.0,3.0,2.2565,14.77,0.05
6,27,12.898,80.276,0.0,4.0,3.0087,15.06,0.05
6,28,12.898,80.284,0.0,5.0,3.7609,15.28,0.05
6,29,12.898,80.292,0.0,6.0,4.5131,15.46,0.05
6,30,12.898,80.3,0.0,7.0,5.2652,15.62,0.05
6,31,12.898,80.308,0.0,8.0,6.0174,15.75,0.05
6,32,12.898,80.316,0.0,9.0,6.7696,15.87,0.05
7,0,12.906,80.06,18.0,27.0,20.3088,16.83,0.066
7,1,12.906,80.068,21.0,1.0,0.7522,12.43,0.198
7,2,12.906,80.076,20.0,7.0,5.2652,15.62,0.05
7,3,12.906,80.084,26.0,1.0,0.7522,11.74,0.396
7,4,12.906,80.092,31.0,1.0,0.7522,11.13,0.727
7,5,12.906,80.1,20.0,6.0,4.5131,15.46,0.05
7,6,12.906,80.108,25.0,2.0,1.5044,12.61,0.33
7,7,12.906,80.116,35.0,1.0,0.7522,11.23,0.661
7,8,12.906,80.124,27.0,1.0,0.7522,12.43,0.198
7,9,12.906,80.132,33.0,1.0,0.7522,11.17,0.701
7,10,12.906,80.14,24.0,6.0,4.5131,13.53,0.396
7,11,12.906,80.148,25.0,1.0,0.7522,11.59,0.462
7,12,12.906,80.156,20.0,1.0,0.7522,11.93,0.327
7,13,12.906,80.164,20.0,1.0,0.7522,11.33,0.595
7,14,12.906,80.172,11.0,7.0,5.2652,14.78,0.132
7,15,12.906,80.18,9.0,10.0,7.5218,14.79,0.187
7,16,12.906,80.188,12.0,1.0,0.7522,11.59,0.462
7,17,12.906,80.196,15.0,1.0,0.7522,11.13,0.727
7,18,12.906,80.204,4.0,2.0,1.5044,13.47,0.14
7,19,12.906,80.212,2.0,1.0,0.7522,13.53,0.066
7,20,12.906,80.22,4.0,1.0,0.7522,12.78,0.14
7,21,12.906,80.228,9.0,1.0,0.7522,11.45,0.528
7,22,12.906,80.236,3.0,1.0,0.7522,13.18,0.093
7,23,12.906,80.244,2.0,3.0,2.2565,14.63,0.066
7,24,12.906,80.252,9.0,1.0,0.7522,11.33,0.595
7,25,12.906,80.26,0.0,2.0,1.5044,14.37,0.05
7,26,12.906,80.268,0.0,3.0,2.2565,14.77,0.05
7,27,12.906,80.276,0.0,4.0,3.0087,15.06,0.05
7,28,12.906,80.284,0.0,5.0,3.7609,15.28,0.05
7,29,12.906,80.292,0.0,6.0,4.5131,15.46,0.05
7,30,12.906,80.3,0.0,7.0,5.2652,15.62,0.05
7,31,12.906,80.308,0.0,8.0,6.0174,15.75,0.05
7,32,12.906,80.316,0.0,9.0,6.7696,15.87,0.05
8,0,12.914,80.06,17.0,28.0,21.0609,17.0,0.05
8,1,12.914,80.068,20.0,29.0,21.8131,15.8,0.198
8,2,12.914,80.076,20.0,1.0,0.7522,12.14,0.264
8,3,12.914,80.084,24.0,1.0,0.7522,11.8,0.374
8,4,12.914,80.092,24.0,1.0,0.7522,12.09,0.28
8,5,12.914,80.1,21.0,1.0,0.7522,12.43,0.198
8,6,12.914,80.108,26.0,2.0,1.5044,12.49,0.374
8,7,12.914,80.116,29.0,1.0,0.7522,12.43,0.198
8,8,12.914,80.124,32.0,1.0,0.7522,11.59,0.462
8,9,12.914,80.132,25.0,4.0,3.0087,15.06,0.047
8,10,12.914,80.14,25.0,1.0,0.7522,13.53,0.066
8,11,12.914,80.148,31.0,1.0,0.7522,11.45,0.528
8,12,12.914,80.156,23.0,2.0,1.5044,12.03,0.595
8,13,12.914,80.164,14.0,4.0,3.0087,14.16,0.14
8,14,12.914,80.172,18.0,1.0,0.7522,11.59,0.462
8,15,12.914,80.18,15.0,1.0,0.7522,11.74,0.396
8,16,12.914,80.188,14.0,1.0,0.7522,12.27,0.234
8,17,12.914,80.196,19.0,1.0,0.7522,10.89,0.925
8,18,12.914,80.204,5.0,2.0,1.5044,12.84,0.264
8,19,12.914,80.212,1.0,6.0,4.5131,15.46,0.05
8,20,12.914,80.22,2.0,7.0,5.2652,15.48,0.066
8,21,12.914,80.228,1.0,10.0,7.5218,15.98,0.05
8,22,12.914,80.236,3.0,11.0,8.2739,15.23,0.132
8,23,12.914,80.244,1.0,16.0,12.0348,16.45,0.05
8,24,12.914,80.252,10.0,17.0,12.787,14.06,0.661
8,25,12.914,80.26,0.0,18.0,13.5392,16.56,0.05
8,26,12.914,80.268,0.0,19.0,14.2913,16.62,0.05
8,27,12.914,80.276,0.0,20.0,15.0435,16.67,0.05
8,28,12.914,80.284,0.0,21.0,15.7957,16.72,0.05
8,29,12.914,80.292,0.0,22.0,16.5479,16.76,0.05
8,30,12.914,80.3,0.0,23.0,17.3001,16.81,0.05
8,31,12.914,80.308,0.0,24.0,18.0522,16.85,0.05
8,32,12.914,80.316,0.0,25.0,18.8044,16.89,0.05
9,0,12.922,80.06,18.0,1.0,0.7522,13.53,0.066
9,1,12.922,80.068,17.0,31.0,23.3175,16.96,0.066
9,2,12.922,80.076,16.0,34.0,25.574,17.2,0.047
9,3,12.922,80.084,19.0,1.0,0.7522,12.14,0.264
9,4,12.922,80.092,20.0,1.0,0.7522,11.92,0.33
9,5,12.922,80.1,18.0,7.0,5.2652,14.72,0.14
9,6,12.922,80.108,25.0,2.0,1.5044,12.28,0.462
9,7,12.922,80.116,33.0,1.0,0.7522,11.45,0.528
9,8,12.922,80.124,43.0,1.0,0.7522,10.89,0.925
9,9,12.922,80.132,29.0,2.0,1.5044,12.84,0.264
9,10,12.922,80.14,29.0,1.0,0.7522,11.68,0.42
9,11,12.922,80.148,24.0,1.0,0.7522,11.68,0.42
9,12,12.922,80.156,25.0,1.0,0.7522,11.23,0.661
9,13,12.922,80.164,22.0,1.0,0.7522,11.45,0.528
9,14,12.922,80.172,27.0,1.0,0.7522,11.23,0.661
9,15,12.922,80.18,17.0,2.0,1.5044,12.62,0.327
9,16,12.922,80.188,18.0,1.0,0.7522,11.45,0.528
9,17,12.922,80.196,18.0,1.0,0.7522,11.23,0.661
9,18,12.922,80.204,15.0,1.0,0.7522,10.97,0.859
9,19,12.922,80.212,2.0,3.0,2.2565,14.63,0.066
9,20,12.922,80.22,1.0,4.0,3.0087,15.06,0.05
9,21,12.922,80.228,5.0,1.0,0.7522,12.14,0.264
9,22,12.922,80.236,3.0,1.0,0.7522,12.84,0.132
9,23,12.922,80.244,1.0,6.0,4.5131,15.46,0.05
9,24,12.922,80.252,12.0,7.0,5.2652,12.99,0.793
9,25,12.922,80.26,0.0,8.0,6.0174,15.75,0.05
9,26,12.922,80.268,0.0,9.0,6.7696,15.87,0.05
9,27,12.922,80.276,0.0,10.0,7.5218,15.98,0.05
9,28,12.922,80.284,0.0,11.0,8.2739,16.07,0.05
9,29,12.922,80.292,0.0,12.0,9.0261,16.16,0.05
9,30,12.922,80.3,0.0,13.0,9.7783,16.24,0.05
9,31,12.922,80.308,0.0,14.0,10.5305,16.31,0.05
9,32,12.922,80.316,0.0,15.0,11.2826,16.38,0.05
10,0,12.93,80.06,18.0,1.0,0.7522,13.53,0.066
10,1,12.93,80.068,17.0,2.0,1.5044,14.22,0.066
10,2,12.93,80.076,16.0,3.0,2.2565,14.63,0.066
10,3,12.93,80.084,15.0,39.0,29.3349,17.34,0.05
10,4,12.93,80.092,15.0,48.0,36.1045,17.54,0.05
10,5,12.93,80.1,20.0,2.0,1.5044,12.61,0.33
10,6,12.93,80.108,32.0,1.0,0.7522,11.05,0.793
10,7,12.93,80.116,33.0,1.0,0.7522,11.74,0.396
10,8,12.93,80.124,31.0,1.0,0.7522,12.49,0.187
10,9,12.93,80.132,32.0,1.0,0.7522,11.74,0.396
10,10,12.93,80.14,26.0,2.0,1.5044,12.43,0.396
10,11,12.93,80.148,20.0,5.0,3.7609,13.53,0.33
10,12,12.93,80.156,15.0,9.0,6.7696,14.98,0.14
10,13,12.93,80.164,19.0,1.0,0.7522,11.59,0.462
10,14,12.93,80.172,30.0,1.0,0.7522,10.64,1.189
10,15,12.93,80.18,19.0,1.0,0.7522,11.33,0.595
10,16,12.93,80.188,10.0,5.0,3.7609,14.39,0.14
10,17,12.93,80.196,8.0,2.0,1.5044,14.22,0.066
10,18,12.93,80.204,14.0,1.0,0.7522,11.39,0.561
10,19,12.93,80.212,6.0,1.0,0.7522,11.92,0.33
10,20,12.93,80.22,1.0,2.0,1.5044,14.37,0.05
10,21,12.93,80.228,2.0,3.0,2.2565,14.63,0.066
10,22,12.93,80.236,7.0,1.0,0.7522,11.92,0.33
10,23,12.93,80.244,2.0,4.0,3.0087,14.92,0.066
10,24,12.93,80.252,8.0,1.0,0.7522,11.45,0.528
10,25,12.93,80.26,0.0,2.0,1.5044,14.37,0.05
10,26,12.93,80.268,0.0,3.0,2.2565,14.77,0.05
10,27,12.93,80.276,0.0,4.0,3.0087,15.06,0.05
10,28,12.93,80.284,0.0,5.0,3.7609,15.28,0.05
10,29,12.93,80.292,0.0,6.0,4.5131,15.46,0.05
10,30,12.93,80.3,0.0,7.0,5.2652,15.62,0.05
10,31,12.93,80.308,0.0,8.0,6.0174,15.75,0.05
10,32,12.93,80.316,0.0,9.0,6.7696,15.87,0.05
11,0,12.938,80.06,17.0,3.0,2.2565,14.77,0.05
11,1,12.938,80.068,19.0,4.0,3.0087,13.82,0.198
11,2,12.938,80.076,16.0,5.0,3.7609,15.28,0.047
11,3,12.938,80.084,16.0,1.0,0.7522,13.53,0.066
11,4,12.938,80.092,15.0,2.0,1.5044,14.37,0.05
11,5,12.938,80.1,20.0,2.0,1.5044,12.61,0.33
11,6,12.938,80.108,75.0,1.0,0.7522,9.52,3.629
11,7,12.938,80.116,27.0,4.0,3.0087,13.47,0.28
11,8,12.938,80.124,38.0,1.0,0.7522,11.13,0.727
11,9,12.938,80.132,33.0,1.0,0.7522,11.92,0.33
11,10,12.938,80.14,29.0,1.0,0.7522,11.68,0.42
11,11,12.938,80.148,28.0,1.0,0.7522,11.31,0.607
11,12,12.938,80.156,21.0,1.0,0.7522,11.33,0.595
11,13,12.938,80.164,12.0,13.0,9.7783,16.24,0.047
11,14,12.938,80.172,12.0,2.0,1.5044,12.96,0.234
11,15,12.938,80.18,15.0,1.0,0.7522,11.45,0.528
11,16,12.938,80.188,15.0,1.0,0.7522,11.45,0.528
11,17,12.938,80.196,7.0,9.0,6.7696,14.46,0.234
11,18,12.938,80.204,8.0,1.0,0.7522,11.74,0.396
11,19,12.938,80.212,7.0,1.0,0.7522,11.92,0.33
11,20,12.938,80.22,2.0,2.0,1.5044,14.22,0.066
11,21,12.938,80.228,1.0,6.0,4.5131,15.46,0.05
11,22,12.938,80.236,9.0,1.0,0.7522,11.45,0.528
11,23,12.938,80.244,3.0,2.0,1.5044,14.22,0.066
11,24,12.938,80.252,7.0,1.0,0.7522,11.59,0.462
11,25,12.938,80.26,0.0,3.0,2.2565,14.77,0.05
11,26,12.938,80.268,0.0,4.0,3.0087,15.06,0.05
11,27,12.938,80.276,0.0,5.0,3.7609,15.28,0.05
11,28,12.938,80.284,0.0,6.0,4.5131,15.46,0.05
11,29,12.938,80.292,0.0,7.0,5.2652,15.62,0.05
11,30,12.938,80.3,0.0,8.0,6.0174,15.75,0.05
11,31,12.938,80.308,0.0,9.0,6.7696,15.87,0.05
11,32,12.938,80.316,0.0,10.0,7.5218,15.98,0.05
12,0,12.946,80.06,22.0,2.0,1.5044,12.61,0.33
12,1,12.946,80.068,38.0,1.0,0.7522,10.54,1.321
12,2,12.946,80.076,18.0,2.0,1.5044,13.12,0.198
12,3,12.946,80.084,15.0,11.0,8.2739,16.07,0.05
12,4,12.946,80.092,15.0,14.0,10.5305,16.31,0.05
12,5,12.946,80.1,16.0,1.0,0.7522,13.53,0.066
12,6,12.946,80.108,21.0,5.0,3.7609,13.35,0.396
12,7,12.946,80.116,27.0,1.0,0.7522,11.39,0.561
12,8,12.946,80.124,30.0,1.0,0.7522,10.97,0.859
12,9,12.946,80.132,28.0,2.0,1.5044,12.17,0.514
12,10,12.946,80.14,32.0,1.0,0.7522,11.74,0.396
12,11,12.946,80.148,26.0,2.0,1.5044,12.37,0.42
12,12,12.946,80.156,20.0,1.0,0.7522,11.8,0.374
12,13,12.946,80.164,16.0,1.0,0.7522,11.92,0.33
12,14,12.946,80.172,11.0,25.0,18.8044,15.36,0.264
12,15,12.946,80.18,7.0,36.0,27.0783,17.26,0.05
12,16,12.946,80.188,7.0,37.0,27.8305,17.28,0.047
12,17,12.946,80.196,12.0,1.0,0.7522,11.23,0.661
12,18,12.946,80.204,2.0,54.0,40.6175,17.66,0.05
12,19,12.946,80.212,7.0,55.0,41.3697,15.75,0.396
12,20,12.946,80.22,1.0,58.0,43.6262,17.73,0.05
12,21,12.946,80.228,1.0,59.0,44.3784,17.75,0.05
12,22,12.946,80.236,8.0,1.0,0.7522,11.59,0.462
12,23,12.946,80.244,5.0,1.0,0.7522,12.84,0.132
12,24,12.946,80.252,6.0,1.0,0.7522,12.09,0.28
12,25,12.946,80.26,9.0,1.0,0.7522,11.33,0.595
12,26,12.946,80.268,0.0,2.0,1.5044,14.37,0.05
12,27,12.946,80.276,0.0,3.0,2.2565,14.77,0.05
12,28,12.946,80.284,0.0,4.0,3.0087,15.06,0.05
12,29,12.946,80.292,0.0,5.0,3.7609,15.28,0.05
12,30,12.946,80.3,0.0,6.0,4.5131,15.46,0.05
12,31,12.946,80.308,0.0,7.0,5.2652,15.62,0.05
12,32,12.946,80.316,0.0,8.0,6.0174,15.75,0.05
13,0,12.954,80.06,27.0,1.0,0.7522,11.92,0.33
13,1,12.954,80.068,32.0,1.0,0.7522,10.97,0.859
13,2,12.954,80.076,19.0,2.0,1.5044,13.18,0.187
13,3,12.954,80.084,22.0,1.0,0.7522,11.59,0.462
13,4,12.954,80.092,16.0,2.0,1.5044,14.22,0.066
13,5,12.954,80.1,16.0,1.0,0.7522,13.18,0.093
13,6,12.954,80.108,15.0,8.0,6.0174,15.61,0.066
13,7,12.954,80.116,23.0,1.0,0.7522,11.45,0.528
13,8,12.954,80.124,17.0,5.0,3.7609,15.28,0.05
13,9,12.954,80.132,37.0,1.0,0.7522,10.54,1.321
13,10,12.954,80.14,34.0,1.0,0.7522,11.33,0.595
13,11,12.954,80.148,25.0,2.0,1.5044,12.14,0.528
13,12,12.954,80.156,17.0,7.0,5.2652,14.38,0.198
13,13,12.954,80.164,14.0,10.0,7.5218,15.08,0.14
13,14,12.954,80.172,12.0,2.0,1.5044,12.96,0.234
13,15,12.954,80.18,10.0,5.0,3.7609,14.04,0.198
13,16,12.954,80.188,10.0,1.0,0.7522,12.14,0.264
13,17,12.954,80.196,6.0,40.0,30.0871,16.12,0.198
13,18,12.954,80.204,3.0,42.0,31.5914,17.27,0.066
13,19,12.954,80.212,5.0,1.0,0.7522,12.49,0.187
13,20,12.954,80.22,5.0,1.0,0.7522,12.14,0.264
13,21,12.954,80.228,9.0,1.0,0.7522,11.45,0.528
13,22,12.954,80.236,6.0,1.0,0.7522,12.27,0.234
13,23,12.954,80.244,7.0,1.0,0.7522,12.84,0.132
13,24,12.954,80.252,5.0,3.0,2.2565,14.77,0.05
13,25,12.954,80.26,9.0,4.0,3.0087,12.72,0.595
13,26,12.954,80.268,0.0,5.0,3.7609,15.28,0.05
13,27,12.954,80.276,0.0,6.0,4.5131,15.46,0.05
13,28,12.954,80.284,0.0,7.0,5.2652,15.62,0.05
13,29,12.954,80.292,0.0,8.0,6.0174,15.75,0.05
13,30,12.954,80.3,0.0,9.0,6.7696,15.87,0.05
13,31,12.954,80.308,0.0,10.0,7.5218,15.98,0.05
13,32,12.954,80.316,0.0,11.0,8.2739,16.07,0.05
14,0,12.962,80.06,27.0,1.0,0.7522,11.93,0.327
14,1,12.962,80.068,25.0,1.0,0.7522,11.92,0.33
14,2,12.962,80.076,22.0,1.0,0.7522,12.43,0.198
14,3,12.962,80.084,21.0,1.0,0.7522,12.27,0.234
14,4,12.962,80.092,18.0,1.0,0.7522,12.43,0.198
14,5,12.962,80.1,15.0,2.0,1.5044,14.22,0.066
14,6,12.962,80.108,14.0,31.0,23.3175,17.11,0.05
14,7,12.962,80.116,21.0,32.0,24.0696,15.05,0.462
14,8,12.962,80.124,20.0,1.0,0.7522,12.09,0.28
14,9,12.962,80.132,22.0,1.0,0.7522,12.27,0.234
14,10,12.962,80.14,28.0,1.0,0.7522,11.59,0.462
14,11,12.962,80.148,24.0,1.0,0.7522,11.93,0.327
14,12,12.962,80.156,27.0,1.0,0.7522,11.23,0.661
14,13,12.962,80.164,23.0,2.0,1.5044,12.03,0.595
14,14,12.962,80.172,25.0,1.0,0.7522,10.97,0.859
14,15,12.962,80.18,13.0,4.0,3.0087,13.82,0.198
14,16,12.962,80.188,14.0,1.0,0.7522,11.8,0.374
14,17,12.962,80.196,12.0,1.0,0.7522,11.68,0.42
14,18,12.962,80.204,8.0,1.0,0.7522,11.92,0.33
14,19,12.962,80.212,3.0,20.0,15.0435,16.67,0.05
14,20,12.962,80.22,4.0,21.0,15.7957,15.48,0.198
14,21,12.962,80.228,1.0,35.0,26.3262,17.23,0.05
14,22,12.962,80.236,5.0,2.0,1.5044,12.84,0.264
14,23,12.962,80.244,13.0,1.0,0.7522,11.45,0.528
14,24,12.962,80.252,6.0,1.0,0.7522,13.53,0.066
14,25,12.962,80.26,9.0,1.0,0.7522,11.33,0.595
14,26,12.962,80.268,0.0,2.0,1.5044,14.37,0.05
14,27,12.962,80.276,0.0,3.0,2.2565,14.77,0.05
14,28,12.962,80.284,0.0,4.0,3.0087,15.06,0.05
14,29,12.962,80.292,0.0,5.0,3.7609,15.28,0.05
14,30,12.962,80.3,0.0,6.0,4.5131,15.46,0.05
14,31,12.962,80.308,0.0,7.0,5.2652,15.62,0.05
14,32,12.962,80.316,0.0,8.0,6.0174,15.75,0.05
15,0,12.97,80.06,25.0,1.0,0.7522,11.92,0.33
15,1,12.97,80.068,20.0,5.0,3.7609,15.14,0.066
15,2,12.97,80.076,19.0,7.0,5.2652,15.48,0.066
15,3,12.97,80.084,18.0,16.0,12.0348,16.45,0.05
15,4,12.97,80.092,22.0,17.0,12.787,14.76,0.33
15,5,12.97,80.1,17.0,19.0,14.2913,15.72,0.14
15,6,12.97,80.108,15.0,2.0,1.5044,14.22,0.066
15,7,12.97,80.116,14.0,38.0,28.5827,17.31,0.05
15,8,12.97,80.124,21.0,1.0,0.7522,11.59,0.462
15,9,12.97,80.132,25.0,1.0,0.7522,11.68,0.42
15,10,12.97,80.14,21.0,2.0,1.5044,12.96,0.234
15,11,12.97,80.148,25.0,1.0,0.7522,11.33,0.595
15,12,12.97,80.156,31.0,1.0,0.7522,11.17,0.701
15,13,12.97,80.164,79.0,1.0,0.7522,9.51,3.694
15,14,12.97,80.172,27.0,1.0,0.7522,10.97,0.859
15,15,12.97,80.18,14.0,3.0,2.2565,14.63,0.066
15,16,12.97,80.188,18.0,1.0,0.7522,11.59,0.462
15,17,12.97,80.196,11.0,2.0,1.5044,12.84,0.264
15,18,12.97,80.204,7.0,3.0,2.2565,13.59,0.187
15,19,12.97,80.212,5.0,15.0,11.2826,15.55,0.132
15,20,12.97,80.22,7.0,1.0,0.7522,12.09,0.28
15,21,12.97,80.228,4.0,10.0,7.5218,14.73,0.198
15,22,12.97,80.236,12.0,1.0,0.7522,11.45,0.528
15,23,12.97,80.244,9.0,1.0,0.7522,12.14,0.264
15,24,12.97,80.252,7.0,1.0,0.7522,13.18,0.093
15,25,12.97,80.26,11.0,1.0,0.7522,11.13,0.727
15,26,12.97,80.268,0.0,2.0,1.5044,14.37,0.05
15,27,12.97,80.276,0.0,3.0,2.2565,14.77,0.05
15,28,12.97,80.284,0.0,4.0,3.0087,15.06,0.05
15,29,12.97,80.292,0.0,5.0,3.7609,15.28,0.05
15,30,12.97,80.3,0.0,6.0,4.5131,15.46,0.05
15,31,12.97,80.308,0.0,7.0,5.2652,15.62,0.05
15,32,12.97,80.316,0.0,8.0,6.0174,15.75,0.05
16,0,12.978,80.06,23.0,1.0,0.7522,12.78,0.14
16,1,12.978,80.068,27.0,1.0,0.7522,11.59,0.462
16,2,12.978,80.076,20.0,2.0,1.5044,13.88,0.093
16,3,12.978,80.084,19.0,6.0,4.5131,15.32,0.066
16,4,12.978,80.092,20.0,1.0,0.7522,12.78,0.14
16,5,12.978,80.1,21.0,1.0,0.7522,12.09,0.28
16,6,12.978,80.108,17.0,2.0,1.5044,13.47,0.14
16,7,12.978,80.116,16.0,11.0,8.2739,14.48,0.28
16,8,12.978,80.124,16.0,2.0,1.5044,12.43,0.396
16,9,12.978,80.132,23.0,1.0,0.7522,11.31,0.607
16,10,12.978,80.14,20.0,1.0,0.7522,11.93,0.327
16,11,12.978,80.148,16.0,5.0,3.7609,14.04,0.198
16,12,12.978,80.156,21.0,1.0,0.7522,11.33,0.595
16,13,12.978,80.164,25.0,1.0,0.7522,10.97,0.859
16,14,12.978,80.172,22.0,1.0,0.7522,11.57,0.467
16,15,12.978,80.18,19.0,1.0,0.7522,11.92,0.33
16,16,12.978,80.188,17.0,1.0,0.7522,11.92,0.33
16,17,12.978,80.196,12.0,2.0,1.5044,12.61,0.33
16,18,12.978,80.204,7.0,11.0,8.2739,15.58,0.093
16,19,12.978,80.212,7.0,3.0,2.2565,13.94,0.132
16,20,12.978,80.22,12.0,1.0,0.7522,11.74,0.396
16,21,12.978,80.228,6.0,6.0,4.5131,14.63,0.132
16,22,12.978,80.236,5.0,2.0,1.5044,14.37,0.047
16,23,12.978,80.244,5.0,3.0,2.2565,14.77,0.05
16,24,12.978,80.252,6.0,4.0,3.0087,14.92,0.066
16,25,12.978,80.26,10.0,1.0,0.7522,11.23,0.661
16,26,12.978,80.268,0.0,13.0,9.7783,16.24,0.05
16,27,12.978,80.276,0.0,14.0,10.5305,16.31,0.05
16,28,12.978,80.284,0.0,15.0,11.2826,16.38,0.05
16,29,12.978,80.292,0.0,16.0,12.0348,16.45,0.05
16,30,12.978,80.3,0.0,17.0,12.787,16.51,0.05
16,31,12.978,80.308,0.0,18.0,13.5392,16.56,0.05
16,32,12.978,80.316,0.0,19.0,14.2913,16.62,0.05
17,0,12.986,80.06,21.0,1.0,0.7522,13.67,0.05
17,1,12.986,80.068,28.0,2.0,1.5044,12.28,0.462
17,2,12.986,80.076,21.0,3.0,2.2565,14.28,0.093
17,3,12.986,80.084,24.0,1.0,0.7522,11.92,0.33
17,4,12.986,80.092,22.0,1.0,0.7522,12.78,0.14
17,5,12.986,80.1,20.0,1.0,0.7522,12.78,0.14
17,6,12.986,80.108,19.0,10.0,7.5218,15.08,0.14
17,7,12.986,80.116,18.0,2.0,1.5044,12.14,0.528
17,8,12.986,80.124,10.0,20.0,15.0435,16.67,0.05
17,9,12.986,80.132,16.0,1.0,0.7522,11.74,0.396
17,10,12.986,80.14,19.0,1.0,0.7522,11.74,0.396
17,11,12.986,80.148,13.0,10.0,7.5218,15.83,0.066
17,12,12.986,80.156,12.0,13.0,9.7783,16.24,0.05
17,13,12.986,80.164,12.0,18.0,13.5392,16.56,0.05
17,14,12.986,80.172,19.0,1.0,0.7522,11.59,0.462
17,15,12.986,80.18,15.0,2.0,1.5044,14.37,0.05
17,16,12.986,80.188,16.0,3.0,2.2565,12.84,0.396
17,17,12.986,80.196,10.0,6.0,4.5131,14.57,0.14
17,18,12.986,80.204,11.0,2.0,1.5044,12.84,0.264
17,19,12.986,80.212,10.0,2.0,1.5044,13.12,0.198
17,20,12.986,80.22,10.0,3.0,2.2565,13.59,0.187
17,21,12.986,80.228,14.0,1.0,0.7522,11.45,0.528
17,22,12.986,80.236,14.0,1.0,0.7522,11.33,0.595
17,23,12.986,80.244,7.0,2.0,1.5044,13.53,0.132
17,24,12.986,80.252,5.0,10.0,7.5218,15.98,0.05
17,25,12.986,80.26,10.0,11.0,8.2739,13.97,0.467
17,26,12.986,80.268,5.0,1.0,0.7522,11.92,0.33
17,27,12.986,80.276,0.0,4.0,3.0087,15.06,0.05
17,28,12.986,80.284,0.0,6.0,4.5131,15.46,0.05
17,29,12.986,80.292,0.0,8.0,6.0174,15.75,0.05
17,30,12.986,80.3,0.0,10.0,7.5218,15.98,0.05
17,31,12.986,80.308,0.0,12.0,9.0261,16.16,0.05
17,32,12.986,80.316,0.0,14.0,10.5305,16.31,0.05
18,0,12.994,80.06,21.0,3.0,2.2565,14.77,0.05
18,1,12.994,80.068,22.0,1.0,0.7522,13.53,0.066
18,2,12.994,80.076,25.0,1.0,0.7522,11.92,0.33
18,3,12.994,80.084,20.0,5.0,3.7609,15.28,0.05
18,4,12.994,80.092,23.0,6.0,4.5131,14.22,0.198
18,5,12.994,80.1,20.0,9.0,6.7696,15.87,0.047
18,6,12.994,80.108,21.4,1.0,0.7522,12.65,0.159
18,7,12.994,80.116,20.8,1.0,0.7522,11.5,0.505
18,8,12.994,80.124,20.2,1.0,0.7522,11.21,0.674
18,9,12.994,80.132,19.6,1.0,0.7522,11.62,0.449
18,10,12.994,80.14,19.0,1.0,0.7522,12.09,0.28
18,11,12.994,80.148,18.4,1.0,0.7522,11.84,0.357
18,12,12.994,80.156,17.8,1.0,0.7522,11.77,0.383
18,13,12.994,80.164,17.2,1.0,0.7522,11.88,0.344
18,14,12.994,80.172,16.6,1.0,0.7522,12.35,0.215
18,15,12.994,80.18,16.0,1.0,0.7522,13.53,0.066
18,16,12.994,80.188,15.4,1.0,0.7522,12.19,0.252
18,17,12.994,80.196,14.8,1.0,0.7522,11.96,0.317
18,18,12.994,80.204,14.2,1.0,0.7522,12.37,0.211
18,19,12.994,80.212,13.6,1.0,0.7522,12.25,0.238
18,20,12.994,80.22,13.0,1.0,0.7522,12.43,0.198
18,21,12.994,80.228,12.4,1.0,0.7522,13.0,0.112
18,22,12.994,80.236,11.8,1.0,0.7522,12.31,0.224
18,23,12.994,80.244,11.2,1.0,0.7522,12.05,0.29
18,24,12.994,80.252,10.6,1.0,0.7522,11.81,0.37
18,25,12.994,80.26,10.0,1.0,0.7522,12.27,0.234
18,26,12.994,80.268,9.4,1.0,0.7522,11.64,0.439
18,27,12.994,80.276,8.8,1.0,0.7522,11.36,0.581
18,28,12.994,80.284,8.2,1.0,0.7522,11.43,0.542
18,29,12.994,80.292,7.6,1.0,0.7522,11.5,0.502
18,30,12.994,80.3,7.0,1.0,0.7522,11.59,0.462
18,31,12.994,80.308,6.4,1.0,0.7522,11.67,0.423
18,32,12.994,80.316,5.8,1.0,0.7522,11.77,0.383
19,0,13.002,80.06,25.0,1.0,0.7522,12.14,0.264
19,1,13.002,80.068,24.4,1.0,0.7522,12.65,0.159
19,2,13.002,80.076,23.8,1.0,0.7522,12.54,0.178
19,3,13.002,80.084,23.2,1.0,0.7522,12.37,0.211
19,4,13.002,80.092,22.6,1.0,0.7522,12.92,0.121
19,5,13.002,80.1,22.0,1.0,0.7522,12.84,0.132
19,6,13.002,80.108,21.4,1.0,0.7522,13.54,0.065
19,7,13.002,80.116,20.8,1.0,0.7522,13.67,0.04
19,8,13.002,80.124,20.2,2.0,1.5044,14.37,0.04
19,9,13.002,80.132,19.6,3.0,2.2565,14.77,0.04
19,10,13.002,80.14,19.0,4.0,3.0087,15.06,0.04
19,11,13.002,80.148,18.4,5.0,3.7609,15.28,0.04
19,12,13.002,80.156,17.8,6.0,4.5131,15.46,0.04
19,13,13.002,80.164,17.2,7.0,5.2652,15.62,0.04
19,14,13.002,80.172,16.6,8.0,6.0174,15.75,0.04
19,15,13.002,80.18,16.0,9.0,6.7696,15.87,0.04
19,16,13.002,80.188,15.4,10.0,7.5218,15.98,0.04
19,17,13.002,80.196,14.8,11.0,8.2739,16.07,0.04
19,18,13.002,80.204,14.2,12.0,9.0261,16.16,0.04
19,19,13.002,80.212,13.6,13.0,9.7783,16.24,0.04
19,20,13.002,80.22,13.0,14.0,10.5305,16.31,0.04
19,21,13.002,80.228,12.4,15.0,11.2826,16.38,0.04
19,22,13.002,80.236,11.8,16.0,12.0348,16.45,0.04
19,23,13.002,80.244,11.2,17.0,12.787,16.51,0.04
19,24,13.002,80.252,10.6,18.0,13.5392,16.56,0.04
19,25,13.002,80.26,10.0,19.0,14.2913,16.62,0.04
19,26,13.002,80.268,9.4,20.0,15.0435,16.67,0.04
19,27,13.002,80.276,8.8,21.0,15.7957,16.72,0.04
19,28,13.002,80.284,8.2,22.0,16.5479,16.76,0.04
19,29,13.002,80.292,7.6,23.0,17.3001,16.81,0.04
19,30,13.002,80.3,7.0,24.0,18.0522,16.85,0.04
19,31,13.002,80.308,6.4,25.0,18.8044,16.89,0.04
19,32,13.002,80.316,5.8,26.0,19.5566,16.93,0.05
20,0,13.01,80.06,25.0,1.0,0.7522,13.67,0.04
20,1,13.01,80.068,24.4,2.0,1.5044,14.37,0.04
20,2,13.01,80.076,23.8,3.0,2.2565,14.77,0.04
20,3,13.01,80.084,23.2,4.0,3.0087,15.06,0.04
20,4,13.01,80.092,22.6,5.0,3.7609,15.28,0.04
20,5,13.01,80.1,22.0,6.0,4.5131,15.46,0.04
20,6,13.01,80.108,21.4,7.0,5.2652,15.62,0.04
20,7,13.01,80.116,20.8,8.0,6.0174,15.75,0.04
20,8,13.01,80.124,20.2,9.0,6.7696,15.87,0.04
20,9,13.01,80.132,19.6,10.0,7.5218,15.98,0.04
20,10,13.01,80.14,19.0,11.0,8.2739,16.07,0.04
20,11,13.01,80.148,18.4,12.0,9.0261,16.16,0.04
20,12,13.01,80.156,17.8,13.0,9.7783,16.24,0.04
20,13,13.01,80.164,17.2,14.0,10.5305,16.31,0.04
20,14,13.01,80.172,16.6,15.0,11.2826,16.38,0.04
20,15,13.01,80.18,16.0,16.0,12.0348,16.45,0.04
20,16,13.01,80.188,15.4,17.0,12.787,16.51,0.04
20,17,13.01,80.196,14.8,18.0,13.5392,16.56,0.04
20,18,13.01,80.204,14.2,19.0,14.2913,16.62,0.04
20,19,13.01,80.212,13.6,20.0,15.0435,16.67,0.04
20,20,13.01,80.22,13.0,21.0,15.7957,16.72,0.04
20,21,13.01,80.228,12.4,22.0,16.5479,16.76,0.04
20,22,13.01,80.236,11.8,23.0,17.3001,16.81,0.04
20,23,13.01,80.244,11.2,24.0,18.0522,16.85,0.04
20,24,13.01,80.252,10.6,25.0,18.8044,16.89,0.04
20,25,13.01,80.26,10.0,26.0,19.5566,16.93,0.04
20,26,13.01,80.268,9.4,27.0,20.3088,16.97,0.04
20,27,13.01,80.276,8.8,28.0,21.0609,17.0,0.04
20,28,13.01,80.284,8.2,29.0,21.8131,17.04,0.04
20,29,13.01,80.292,7.6,30.0,22.5653,17.07,0.04
20,30,13.01,80.3,7.0,31.0,23.3175,17.11,0.04
20,31,13.01,80.308,6.4,32.0,24.0696,17.14,0.04
20,32,13.01,80.316,5.8,33.0,24.8218,17.17,0.05
21,0,13.018,80.06,25.0,1.0,0.7522,13.67,0.04
21,1,13.018,80.068,24.4,2.0,1.5044,14.37,0.04
21,2,13.018,80.076,23.8,3.0,2.2565,14.77,0.04
21,3,13.018,80.084,23.2,4.0,3.0087,15.06,0.04
21,4,13.018,80.092,22.6,5.0,3.7609,15.28,0.04
21,5,13.018,80.1,22.0,6.0,4.5131,15.46,0.04
21,6,13.018,80.108,21.4,7.0,5.2652,15.62,0.04
21,7,13.018,80.116,20.8,8.0,6.0174,15.75,0.04
21,8,13.018,80.124,20.2,9.0,6.7696,15.87,0.04
21,9,13.018,80.132,19.6,10.0,7.5218,15.98,0.04
21,10,13.018,80.14,19.0,11.0,8.2739,16.07,0.04
21,11,13.018,80.148,18.4,12.0,9.0261,16.16,0.04
21,12,13.018,80.156,17.8,13.0,9.7783,16.24,0.04
21,13,13.018,80.164,17.2,14.0,10.5305,16.31,0.04
21,14,13.018,80.172,16.6,15.0,11.2826,16.38,0.04
21,15,13.018,80.18,16.0,16.0,12.0348,16.45,0.04
21,16,13.018,80.188,15.4,17.0,12.787,16.51,0.04
21,17,13.018,80.196,14.8,18.0,13.5392,16.56,0.04
21,18,13.018,80.204,14.2,19.0,14.2913,16.62,0.04
21,19,13.018,80.212,13.6,20.0,15.0435,16.67,0.04
21,20,13.018,80.22,13.0,21.0,15.7957,16.72,0.04
21,21,13.018,80.228,12.4,22.0,16.5479,16.76,0.04
21,22,13.018,80.236,11.8,23.0,17.3001,16.81,0.04
21,23,13.018,80.244,11.2,24.0,18.0522,16.85,0.04
21,24,13.018,80.252,10.6,25.0,18.8044,16.89,0.04
21,25,13.018,80.26,10.0,26.0,19.5566,16.93,0.04
21,26,13.018,80.268,9.4,27.0,20.3088,16.97,0.04
21,27,13.018,80.276,8.8,28.0,21.0609,17.0,0.04
21,28,13.018,80.284,8.2,29.0,21.8131,17.04,0.04
21,29,13.018,80.292,7.6,30.0,22.5653,17.07,0.04
21,30,13.018,80.3,7.0,31.0,23.3175,17.11,0.04
21,31,13.018,80.308,6.4,32.0,24.0696,17.14,0.04
21,32,13.018,80.316,5.8,33.0,24.8218,17.17,0.05
22,0,13.026,80.06,25.0,1.0,0.7522,13.67,0.04
22,1,13.026,80.068,24.4,2.0,1.5044,14.37,0.04
22,2,13.026,80.076,23.8,3.0,2.2565,14.77,0.04
22,3,13.026,80.084,23.2,4.0,3.0087,15.06,0.04
22,4,13.026,80.092,22.6,5.0,3.7609,15.28,0.04
22,5,13.026,80.1,22.0,6.0,4.5131,15.46,0.04
22,6,13.026,80.108,21.4,7.0,5.2652,15.62,0.04
22,7,13.026,80.116,20.8,8.0,6.0174,15.75,0.04
22,8,13.026,80.124,20.2,9.0,6.7696,15.87,0.04
22,9,13.026,80.132,19.6,10.0,7.5218,15.98,0.04
22,10,13.026,80.14,19.0,11.0,8.2739,16.07,0.04
22,11,13.026,80.148,18.4,12.0,9.0261,16.16,0.04
22,12,13.026,80.156,17.8,13.0,9.7783,16.24,0.04
22,13,13.026,80.164,17.2,14.0,10.5305,16.31,0.04
22,14,13.026,80.172,16.6,15.0,11.2826,16.38,0.04
22,15,13.026,80.18,16.0,16.0,12.0348,16.45,0.04
22,16,13.026,80.188,15.4,17.0,12.787,16.51,0.04
22,17,13.026,80.196,14.8,18.0,13.5392,16.56,0.04
22,18,13.026,80.204,14.2,19.0,14.2913,16.62,0.04
22,19,13.026,80.212,13.6,20.0,15.0435,16.67,0.04
22,20,13.026,80.22,13.0,21.0,15.7957,16.72,0.04
22,21,13.026,80.228,12.4,22.0,16.5479,16.76,0.04
22,22,13.026,80.236,11.8,23.0,17.3001,16.81,0.04
22,23,13.026,80.244,11.2,24.0,18.0522,16.85,0.04
22,24,13.026,80.252,10.6,25.0,18.8044,16.89,0.04
22,25,13.026,80.26,10.0,26.0,19.5566,16.93,0.04
22,26,13.026,80.268,9.4,27.0,20.3088,16.97,0.04
22,27,13.026,80.276,8.8,28.0,21.0609,17.0,0.04
22,28,13.026,80.284,8.2,29.0,21.8131,17.04,0.04
22,29,13.026,80.292,7.6,30.0,22.5653,17.07,0.04
22,30,13.026,80.3,7.0,31.0,23.3175,17.11,0.04
22,31,13.026,80.308,6.4,32.0,24.0696,17.14,0.04
22,32,13.026,80.316,5.8,33.0,24.8218,17.17,0.05
23,0,13.034,80.06,25.0,1.0,0.7522,13.67,0.04
23,1,13.034,80.068,24.4,2.0,1.5044,14.37,0.04
23,2,13.034,80.076,23.8,3.0,2.2565,14.77,0.04
23,3,13.034,80.084,23.2,4.0,3.0087,15.06,0.04
23,4,13.034,80.092,22.6,5.0,3.7609,15.28,0.04
23,5,13.034,80.1,22.0,6.0,4.5131,15.46,0.04
23,6,13.034,80.108,21.4,7.0,5.2652,15.62,0.04
23,7,13.034,80.116,20.8,8.0,6.0174,15.75,0.04
23,8,13.034,80.124,20.2,9.0,6.7696,15.87,0.04
23,9,13.034,80.132,19.6,10.0,7.5218,15.98,0.04
23,10,13.034,80.14,19.0,11.0,8.2739,16.07,0.04
23,11,13.034,80.148,18.4,12.0,9.0261,16.16,0.04
23,12,13.034,80.156,17.8,13.0,9.7783,16.24,0.04
23,13,13.034,80.164,17.2,14.0,10.5305,16.31,0.04
23,14,13.034,80.172,16.6,15.0,11.2826,16.38,0.04
23,15,13.034,80.18,16.0,16.0,12.0348,16.45,0.04
23,16,13.034,80.188,15.4,17.0,12.787,16.51,0.04
23,17,13.034,80.196,14.8,18.0,13.5392,16.56,0.04
23,18,13.034,80.204,14.2,19.0,14.2913,16.62,0.04
23,19,13.034,80.212,13.6,20.0,15.0435,16.67,0.04
23,20,13.034,80.22,13.0,21.0,15.7957,16.72,0.04
23,21,13.034,80.228,12.4,22.0,16.5479,16.76,0.04
23,22,13.034,80.236,11.8,23.0,17.3001,16.81,0.04
23,23,13.034,80.244,11.2,24.0,18.0522,16.85,0.04
23,24,13.034,80.252,10.6,25.0,18.8044,16.89,0.04
23,25,13.034,80.26,10.0,26.0,19.5566,16.93,0.04
23,26,13.034,80.268,9.4,27.0,20.3088,16.97,0.04
23,27,13.034,80.276,8.8,28.0,21.0609,17.0,0.04
23,28,13.034,80.284,8.2,29.0,21.8131,17.04,0.04
23,29,13.034,80.292,7.6,30.0,22.5653,17.07,0.04
23,30,13.034,80.3,7.0,31.0,23.3175,17.11,0.04
23,31,13.034,80.308,6.4,32.0,24.0696,17.14,0.04
23,32,13.034,80.316,5.8,33.0,24.8218,17.17,0.05
24,0,13.042,80.06,25.0,1.0,0.7522,13.67,0.04
24,1,13.042,80.068,24.4,2.0,1.5044,14.37,0.04
24,2,13.042,80.076,23.8,3.0,2.2565,14.77,0.04
24,3,13.042,80.084,23.2,4.0,3.0087,15.06,0.04
24,4,13.042,80.092,22.6,5.0,3.7609,15.28,0.04
24,5,13.042,80.1,22.0,6.0,4.5131,15.46,0.04
24,6,13.042,80.108,21.4,7.0,5.2652,15.62,0.04
24,7,13.042,80.116,20.8,8.0,6.0174,15.75,0.04
24,8,13.042,80.124,20.2,9.0,6.7696,15.87,0.04
24,9,13.042,80.132,19.6,10.0,7.5218,15.98,0.04
24,10,13.042,80.14,19.0,11.0,8.2739,16.07,0.04
24,11,13.042,80.148,18.4,12.0,9.0261,16.16,0.04
24,12,13.042,80.156,17.8,13.0,9.7783,16.24,0.04
24,13,13.042,80.164,17.2,14.0,10.5305,16.31,0.04
24,14,13.042,80.172,16.6,15.0,11.2826,16.38,0.04
24,15,13.042,80.18,16.0,16.0,12.0348,16.45,0.04
24,16,13.042,80.188,15.4,17.0,12.787,16.51,0.04
24,17,13.042,80.196,14.8,18.0,13.5392,16.56,0.04
24,18,13.042,80.204,14.2,19.0,14.2913,16.62,0.04
24,19,13.042,80.212,13.6,20.0,15.0435,16.67,0.04
24,20,13.042,80.22,13.0,21.0,15.7957,16.72,0.04
24,21,13.042,80.228,12.4,22.0,16.5479,16.76,0.04
24,22,13.042,80.236,11.8,23.0,17.3001,16.81,0.04
24,23,13.042,80.244,11.2,24.0,18.0522,16.85,0.04
24,24,13.042,80.252,10.6,25.0,18.8044,16.89,0.04
24,25,13.042,80.26,10.0,26.0,19.5566,16.93,0.04
24,26,13.042,80.268,9.4,27.0,20.3088,16.97,0.04
24,27,13.042,80.276,8.8,28.0,21.0609,17.0,0.04
24,28,13.042,80.284,8.2,29.0,21.8131,17.04,0.04
24,29,13.042,80.292,7.6,30.0,22.5653,17.07,0.04
24,30,13.042,80.3,7.0,31.0,23.3175,17.11,0.04
24,31,13.042,80.308,6.4,32.0,24.0696,17.14,0.04
24,32,13.042,80.316,5.8,33.0,24.8218,17.17,0.05
25,0,13.05,80.06,25.0,1.0,0.7522,13.67,0.04
25,1,13.05,80.068,24.4,2.0,1.5044,14.37,0.04
25,2,13.05,80.076,23.8,3.0,2.2565,14.77,0.04
25,3,13.05,80.084,23.2,4.0,3.0087,15.06,0.04
25,4,13.05,80.092,22.6,5.0,3.7609,15.28,0.04
25,5,13.05,80.1,22.0,6.0,4.5131,15.46,0.04
25,6,13.05,80.108,21.4,7.0,5.2652,15.62,0.04
25,7,13.05,80.116,20.8,8.0,6.0174,15.75,0.04
25,8,13.05,80.124,20.2,9.0,6.7696,15.87,0.04
25,9,13.05,80.132,19.6,10.0,7.5218,15.98,0.04
25,10,13.05,80.14,19.0,11.0,8.2739,16.07,0.04
25,11,13.05,80.148,18.4,12.0,9.0261,16.16,0.04
25,12,13.05,80.156,17.8,13.0,9.7783,16.24,0.04
25,13,13.05,80.164,17.2,14.0,10.5305,16.31,0.04
25,14,13.05,80.172,16.6,15.0,11.2826,16.38,0.04
25,15,13.05,80.18,16.0,16.0,12.0348,16.45,0.04
25,16,13.05,80.188,15.4,17.0,12.787,16.51,0.04
25,17,13.05,80.196,14.8,18.0,13.5392,16.56,0.04
25,18,13.05,80.204,14.2,19.0,14.2913,16.62,0.04
25,19,13.05,80.212,13.6,20.0,15.0435,16.67,0.04
25,20,13.05,80.22,13.0,21.0,15.7957,16.72,0.04
25,21,13.05,80.228,12.4,22.0,16.5479,16.76,0.04
25,22,13.05,80.236,11.8,23.0,17.3001,16.81,0.04
25,23,13.05,80.244,11.2,24.0,18.0522,16.85,0.04
25,24,13.05,80.252,10.6,25.0,18.8044,16.89,0.04
25,25,13.05,80.26,10.0,26.0,19.5566,16.93,0.04
25,26,13.05,80.268,9.4,27.0,20.3088,16.97,0.04
25,27,13.05,80.276,8.8,28.0,21.0609,17.0,0.04
25,28,13.05,80.284,8.2,29.0,21.8131,17.04,0.04
25,29,13.05,80.292,7.6,30.0,22.5653,17.07,0.04
25,30,13.05,80.3,7.0,31.0,23.3175,17.11,0.04
25,31,13.05,80.308,6.4,32.0,24.0696,17.14,0.04
25,32,13.05,80.316,5.8,33.0,24.8218,17.17,0.05
26,0,13.058,80.06,25.0,1.0,0.7522,13.67,0.04
26,1,13.058,80.068,24.4,2.0,1.5044,14.37,0.04
26,2,13.058,80.076,23.8,3.0,2.2565,14.77,0.04
26,3,13.058,80.084,23.2,4.0,3.0087,15.06,0.04
26,4,13.058,80.092,22.6,5.0,3.7609,15.28,0.04
26,5,13.058,80.1,22.0,6.0,4.5131,15.46,0.04
26,6,13.058,80.108,21.4,7.0,5.2652,15.62,0.04
26,7,13.058,80.116,20.8,8.0,6.0174,15.75,0.04
26,8,13.058,80.124,20.2,9.0,6.7696,15.87,0.04
26,9,13.058,80.132,19.6,10.0,7.5218,15.98,0.04
26,10,13.058,80.14,19.0,11.0,8.2739,16.07,0.04
26,11,13.058,80.148,18.4,12.0,9.0261,16.16,0.04
26,12,13.058,80.156,17.8,13.0,9.7783,16.24,0.04
26,13,13.058,80.164,17.2,14.0,10.5305,16.31,0.04
26,14,13.058,80.172,16.6,15.0,11.2826,16.38,0.04
26,15,13.058,80.18,16.0,16.0,12.0348,16.45,0.04
26,16,13.058,80.188,15.4,17.0,12.787,16.51,0.04
26,17,13.058,80.196,14.8,18.0,13.5392,16.56,0.04
26,18,13.058,80.204,14.2,19.0,14.2913,16.62,0.04
26,19,13.058,80.212,13.6,20.0,15.0435,16.67,0.04
26,20,13.058,80.22,13.0,21.0,15.7957,16.72,0.04
26,21,13.058,80.228,12.4,22.0,16.5479,16.76,0.04
26,22,13.058,80.236,11.8,23.0,17.3001,16.81,0.04
26,23,13.058,80.244,11.2,24.0,18.0522,16.85,0.04
26,24,13.058,80.252,10.6,25.0,18.8044,16.89,0.04
26,25,13.058,80.26,10.0,26.0,19.5566,16.93,0.04
26,26,13.058,80.268,9.4,27.0,20.3088,16.97,0.04
26,27,13.058,80.276,8.8,28.0,21.0609,17.0,0.04
26,28,13.058,80.284,8.2,29.0,21.8131,17.04,0.04
26,29,13.058,80.292,7.6,30.0,22.5653,17.07,0.04
26,30,13.058,80.3,7.0,31.0,23.3175,17.11,0.04
26,31,13.058,80.308,6.4,32.0,24.0696,17.14,0.04
26,32,13.058,80.316,5.8,33.0,24.8218,17.17,0.05
27,0,13.066,80.06,25.0,1.0,0.7522,13.67,0.04
27,1,13.066,80.068,24.4,2.0,1.5044,14.37,0.04
27,2,13.066,80.076,23.8,3.0,2.2565,14.77,0.04
27,3,13.066,80.084,23.2,4.0,3.0087,15.06,0.04
27,4,13.066,80.092,22.6,5.0,3.7609,15.28,0.04
27,5,13.066,80.1,22.0,6.0,4.5131,15.46,0.04
27,6,13.066,80.108,21.4,7.0,5.2652,15.62,0.04
27,7,13.066,80.116,20.8,8.0,6.0174,15.75,0.04
27,8,13.066,80.124,20.2,9.0,6.7696,15.87,0.04
27,9,13.066,80.132,19.6,10.0,7.5218,15.98,0.04
27,10,13.066,80.14,19.0,11.0,8.2739,16.07,0.04
27,11,13.066,80.148,18.4,12.0,9.0261,16.16,0.04
27,12,13.066,80.156,17.8,13.0,9.7783,16.24,0.04
27,13,13.066,80.164,17.2,14.0,10.5305,16.31,0.04
27,14,13.066,80.172,16.6,15.0,11.2826,16.38,0.04
27,15,13.066,80.18,16.0,16.0,12.0348,16.45,0.04
27,16,13.066,80.188,15.4,17.0,12.787,16.51,0.04
27,17,13.066,80.196,14.8,18.0,13.5392,16.56,0.04
27,18,13.066,80.204,14.2,19.0,14.2913,16.62,0.04
27,19,13.066,80.212,13.6,20.0,15.0435,16.67,0.04
27,20,13.066,80.22,13.0,21.0,15.7957,16.72,0.04
27,21,13.066,80.228,12.4,22.0,16.5479,16.76,0.04
27,22,13.066,80.236,11.8,23.0,17.3001,16.81,0.04
27,23,13.066,80.244,11.2,24.0,18.0522,16.85,0.04
27,24,13.066,80.252,10.6,25.0,18.8044,16.89,0.04
27,25,13.066,80.26,10.0,26.0,19.5566,16.93,0.04
27,26,13.066,80.268,9.4,27.0,20.3088,16.97,0.04
27,27,13.066,80.276,8.8,28.0,21.0609,17.0,0.04
27,28,13.066,80.284,8.2,29.0,21.8131,17.04,0.04
27,29,13.066,80.292,7.6,30.0,22.5653,17.07,0.04
27,30,13.066,80.3,7.0,31.0,23.3175,17.11,0.04
27,31,13.066,80.308,6.4,32.0,24.0696,17.14,0.04
27,32,13.066,80.316,5.8,33.0,24.8218,17.17,0.05
28,0,13.074,80.06,25.0,1.0,0.7522,13.67,0.04
28,1,13.074,80.068,24.4,2.0,1.5044,14.37,0.04
28,2,13.074,80.076,23.8,3.0,2.2565,14.77,0.04
28,3,13.074,80.084,23.2,4.0,3.0087,15.06,0.04
28,4,13.074,80.092,22.6,5.0,3.7609,15.28,0.04
28,5,13.074,80.1,22.0,6.0,4.5131,15.46,0.04
28,6,13.074,80.108,21.4,7.0,5.2652,15.62,0.04
28,7,13.074,80.116,20.8,8.0,6.0174,15.75,0.04
28,8,13.074,80.124,20.2,9.0,6.7696,15.87,0.04
28,9,13.074,80.132,19.6,10.0,7.5218,15.98,0.04
28,10,13.074,80.14,19.0,11.0,8.2739,16.07,0.04
28,11,13.074,80.148,18.4,12.0,9.0261,16.16,0.04
28,12,13.074,80.156,17.8,13.0,9.7783,16.24,0.04
28,13,13.074,80.164,17.2,14.0,10.5305,16.31,0.04
28,14,13.074,80.172,16.6,15.0,11.2826,16.38,0.04
28,15,13.074,80.18,16.0,16.0,12.0348,16.45,0.04
28,16,13.074,80.188,15.4,17.0,12.787,16.51,0.04
28,17,13.074,80.196,14.8,18.0,13.5392,16.56,0.04
28,18,13.074,80.204,14.2,19.0,14.2913,16.62,0.04
28,19,13.074,80.212,13.6,20.0,15.0435,16.67,0.04
28,20,13.074,80.22,13.0,21.0,15.7957,16.72,0.04
28,21,13.074,80.228,12.4,22.0,16.5479,16.76,0.04
28,22,13.074,80.236,11.8,23.0,17.3001,16.81,0.04
28,23,13.074,80.244,11.2,24.0,18.0522,16.85,0.04
28,24,13.074,80.252,10.6,25.0,18.8044,16.89,0.04
28,25,13.074,80.26,10.0,26.0,19.5566,16.93,0.04
28,26,13.074,80.268,9.4,27.0,20.3088,16.97,0.04
28,27,13.074,80.276,8.8,28.0,21.0609,17.0,0.04
28,28,13.074,80.284,8.2,29.0,21.8131,17.04,0.04
28,29,13.074,80.292,7.6,30.0,22.5653,17.07,0.04
28,30,13.074,80.3,7.0,31.0,23.3175,17.11,0.04
28,31,13.074,80.308,6.4,32.0,24.0696,17.14,0.04
28,32,13.074,80.316,5.8,33.0,24.8218,17.17,0.05
29,0,13.082,80.06,25.0,1.0,0.7522,13.67,0.04
29,1,13.082,80.068,24.4,2.0,1.5044,14.37,0.04
29,2,13.082,80.076,23.8,3.0,2.2565,14.77,0.04
29,3,13.082,80.084,23.2,4.0,3.0087,15.06,0.04
29,4,13.082,80.092,22.6,5.0,3.7609,15.28,0.04
29,5,13.082,80.1,22.0,6.0,4.5131,15.46,0.04
29,6,13.082,80.108,21.4,7.0,5.2652,15.62,0.04
29,7,13.082,80.116,20.8,8.0,6.0174,15.75,0.04
29,8,13.082,80.124,20.2,9.0,6.7696,15.87,0.04
29,9,13.082,80.132,19.6,10.0,7.5218,15.98,0.04
29,10,13.082,80.14,19.0,11.0,8.2739,16.07,0.04
29,11,13.082,80.148,18.4,12.0,9.0261,16.16,0.04
29,12,13.082,80.156,17.8,13.0,9.7783,16.24,0.04
29,13,13.082,80.164,17.2,14.0,10.5305,16.31,0.04
29,14,13.082,80.172,16.6,15.0,11.2826,16.38,0.04
29,15,13.082,80.18,16.0,16.0,12.0348,16.45,0.04
29,16,13.082,80.188,15.4,17.0,12.787,16.51,0.04
29,17,13.082,80.196,14.8,18.0,13.5392,16.56,0.04
29,18,13.082,80.204,14.2,19.0,14.2913,16.62,0.04
29,19,13.082,80.212,13.6,20.0,15.0435,16.67,0.04
29,20,13.082,80.22,13.0,21.0,15.7957,16.72,0.04
29,21,13.082,80.228,12.4,22.0,16.5479,16.76,0.04
29,22,13.082,80.236,11.8,23.0,17.3001,16.81,0.04
29,23,13.082,80.244,11.2,24.0,18.0522,16.85,0.04
29,24,13.082,80.252,10.6,25.0,18.8044,16.89,0.04
29,25,13.082,80.26,10.0,26.0,19.5566,16.93,0.04
29,26,13.082,80.268,9.4,27.0,20.3088,16.97,0.04
29,27,13.082,80.276,8.8,28.0,21.0609,17.0,0.04
29,28,13.082,80.284,8.2,29.0,21.8131,17.04,0.04
29,29,13.082,80.292,7.6,30.0,22.5653,17.07,0.04
29,30,13.082,80.3,7.0,31.0,23.3175,17.11,0.04
29,31,13.082,80.308,6.4,32.0,24.0696,17.14,0.04
29,32,13.082,80.316,5.8,33.0,24.8218,17.17,0.05
30,0,13.09,80.06,25.0,1.0,0.7522,13.67,0.04
30,1,13.09,80.068,24.4,2.0,1.5044,14.37,0.04
30,2,13.09,80.076,23.8,3.0,2.2565,14.77,0.04
30,3,13.09,80.084,23.2,4.0,3.0087,15.06,0.04
30,4,13.09,80.092,22.6,5.0,3.7609,15.28,0.04
30,5,13.09,80.1,22.0,6.0,4.5131,15.46,0.04
30,6,13.09,80.108,21.4,7.0,5.2652,15.62,0.04
30,7,13.09,80.116,20.8,8.0,6.0174,15.75,0.04
30,8,13.09,80.124,20.2,9.0,6.7696,15.87,0.04
30,9,13.09,80.132,19.6,10.0,7.5218,15.98,0.04
30,10,13.09,80.14,19.0,11.0,8.2739,16.07,0.04
30,11,13.09,80.148,18.4,12.0,9.0261,16.16,0.04
30,12,13.09,80.156,17.8,13.0,9.7783,16.24,0.04
30,13,13.09,80.164,17.2,14.0,10.5305,16.31,0.04
30,14,13.09,80.172,16.6,15.0,11.2826,16.38,0.04
30,15,13.09,80.18,16.0,16.0,12.0348,16.45,0.04
30,16,13.09,80.188,15.4,17.0,12.787,16.51,0.04
30,17,13.09,80.196,14.8,18.0,13.5392,16.56,0.04
30,18,13.09,80.204,14.2,19.0,14.2913,16.62,0.04
30,19,13.09,80.212,13.6,20.0,15.0435,16.67,0.04
30,20,13.09,80.22,13.0,21.0,15.7957,16.72,0.04
30,21,13.09,80.228,12.4,22.0,16.5479,16.76,0.04
30,22,13.09,80.236,11.8,23.0,17.3001,16.81,0.04
30,23,13.09,80.244,11.2,24.0,18.0522,16.85,0.04
30,24,13.09,80.252,10.6,25.0,18.8044,16.89,0.04
30,25,13.09,80.26,10.0,26.0,19.5566,16.93,0.04
30,26,13.09,80.268,9.4,27.0,20.3088,16.97,0.04
30,27,13.09,80.276,8.8,28.0,21.0609,17.0,0.04
30,28,13.09,80.284,8.2,29.0,21.8131,17.04,0.04
30,29,13.09,80.292,7.6,30.0,22.5653,17.07,0.04
30,30,13.09,80.3,7.0,31.0,23.3175,17.11,0.04
30,31,13.09,80.308,6.4,32.0,24.0696,17.14,0.04
30,32,13.09,80.316,5.8,33.0,24.8218,17.17,0.05
31,0,13.098,80.06,25.0,1.0,0.7522,13.67,0.04
31,1,13.098,80.068,24.4,2.0,1.5044,14.37,0.04
31,2,13.098,80.076,23.8,3.0,2.2565,14.77,0.04
31,3,13.098,80.084,23.2,4.0,3.0087,15.06,0.04
31,4,13.098,80.092,22.6,5.0,3.7609,15.28,0.04
31,5,13.098,80.1,22.0,6.0,4.5131,15.46,0.04
31,6,13.098,80.108,21.4,7.0,5.2652,15.62,0.04
31,7,13.098,80.116,20.8,8.0,6.0174,15.75,0.04
31,8,13.098,80.124,20.2,9.0,6.7696,15.87,0.04
31,9,13.098,80.132,19.6,10.0,7.5218,15.98,0.04
31,10,13.098,80.14,19.0,11.0,8.2739,16.07,0.04
31,11,13.098,80.148,18.4,12.0,9.0261,16.16,0.04
31,12,13.098,80.156,17.8,13.0,9.7783,16.24,0.04
31,13,13.098,80.164,17.2,14.0,10.5305,16.31,0.04
31,14,13.098,80.172,16.6,15.0,11.2826,16.38,0.04
31,15,13.098,80.18,16.0,16.0,12.0348,16.45,0.04
31,16,13.098,80.188,15.4,17.0,12.787,16.51,0.04
31,17,13.098,80.196,14.8,18.0,13.5392,16.56,0.04
31,18,13.098,80.204,14.2,19.0,14.2913,16.62,0.04
31,19,13.098,80.212,13.6,20.0,15.0435,16.67,0.04
31,20,13.098,80.22,13.0,21.0,15.7957,16.72,0.04
31,21,13.098,80.228,12.4,22.0,16.5479,16.76,0.04
31,22,13.098,80.236,11.8,23.0,17.3001,16.81,0.04
31,23,13.098,80.244,11.2,24.0,18.0522,16.85,0.04
31,24,13.098,80.252,10.6,25.0,18.8044,16.89,0.04
31,25,13.098,80.26,10.0,26.0,19.5566,16.93,0.04
31,26,13.098,80.268,9.4,27.0,20.3088,16.97,0.04
31,27,13.098,80.276,8.8,28.0,21.0609,17.0,0.04
31,28,13.098,80.284,8.2,29.0,21.8131,17.04,0.04
31,29,13.098,80.292,7.6,30.0,22.5653,17.07,0.04
31,30,13.098,80.3,7.0,31.0,23.3175,17.11,0.04
31,31,13.098,80.308,6.4,32.0,24.0696,17.14,0.04
31,32,13.098,80.316,5.8,33.0,24.8218,17.17,0.05
32,0,13.106,80.06,25.0,1.0,0.7522,13.67,0.04
32,1,13.106,80.068,24.4,2.0,1.5044,14.37,0.04
32,2,13.106,80.076,23.8,3.0,2.2565,14.77,0.04
32,3,13.106,80.084,23.2,4.0,3.0087,15.06,0.04
32,4,13.106,80.092,22.6,5.0,3.7609,15.28,0.04
32,5,13.106,80.1,22.0,6.0,4.5131,15.46,0.04
32,6,13.106,80.108,21.4,7.0,5.2652,15.62,0.04
32,7,13.106,80.116,20.8,8.0,6.0174,15.75,0.04
32,8,13.106,80.124,20.2,9.0,6.7696,15.87,0.04
32,9,13.106,80.132,19.6,10.0,7.5218,15.98,0.04
32,10,13.106,80.14,19.0,11.0,8.2739,16.07,0.04
32,11,13.106,80.148,18.4,43.0,32.3436,17.43,0.04
32,12,13.106,80.156,17.8,44.0,33.0958,16.33,0.178
32,13,13.106,80.164,17.2,1.0,0.7522,12.37,0.211
32,14,13.106,80.172,16.6,1.0,0.7522,12.92,0.121
32,15,13.106,80.18,16.0,1.0,0.7522,12.78,0.14
32,16,13.106,80.188,15.4,1.0,0.7522,12.19,0.252
32,17,13.106,80.196,14.8,1.0,0.7522,11.96,0.317
32,18,13.106,80.204,14.2,1.0,0.7522,12.44,0.196
32,19,13.106,80.212,13.6,1.0,0.7522,13.67,0.04
32,20,13.106,80.22,13.0,3.0,2.2565,14.77,0.04
32,21,13.106,80.228,12.4,4.0,3.0087,15.06,0.04
32,22,13.106,80.236,11.8,5.0,3.7609,15.28,0.04
32,23,13.106,80.244,11.2,6.0,4.5131,15.46,0.056
32,24,13.106,80.252,10.6,1.0,0.7522,12.6,0.168
32,25,13.106,80.26,10.0,1.0,0.7522,12.27,0.234
32,26,13.106,80.268,9.4,1.0,0.7522,12.05,0.291
32,27,13.106,80.276,8.8,1.0,0.7522,12.2,0.251
32,28,13.106,80.284,8.2,1.0,0.7522,12.71,0.15
32,29,13.106,80.292,7.6,1.0,0.7522,13.67,0.04
32,30,13.106,80.3,7.0,2.0,1.5044,12.62,0.327
32,31,13.106,80.308,6.4,1.0,0.7522,11.67,0.423
32,32,13.106,80.316,5.8,1.0,0.7522,11.77,0.383
33,0,13.114,80.06,25.0,3.0,2.2565,14.77,0.04
33,1,13.114,80.068,24.4,6.0,4.5131,15.46,0.04
33,2,13.114,80.076,23.8,8.0,6.0174,15.75,0.04
33,3,13.114,80.084,23.2,12.0,9.0261,16.16,0.04
33,4,13.114,80.092,22.6,15.0,11.2826,16.38,0.04
33,5,13.114,80.1,22.0,17.0,12.787,16.51,0.04
33,6,13.114,80.108,21.4,19.0,14.2913,16.62,0.04
33,7,13.114,80.116,20.8,21.0,15.7957,16.72,0.04
33,8,13.114,80.124,20.2,26.0,19.5566,16.93,0.04
33,9,13.114,80.132,19.6,28.0,21.0609,17.0,0.04
33,10,13.114,80.14,19.0,30.0,22.5653,17.07,0.028
33,11,13.114,80.148,25.0,1.0,0.7522,11.64,0.436
33,12,13.114,80.156,20.0,1.0,0.7522,11.74,0.396
33,13,13.114,80.164,14.0,49.0,36.8566,17.08,0.093
33,14,13.114,80.172,15.0,1.0,0.7522,12.43,0.198
33,15,13.114,80.18,15.0,1.0,0.7522,12.14,0.264
33,16,13.114,80.188,13.0,2.0,1.5044,13.12,0.198
33,17,13.114,80.196,10.0,6.0,4.5131,15.46,0.05
33,18,13.114,80.204,13.0,1.0,0.7522,12.43,0.198
33,19,13.114,80.212,15.0,1.0,0.7522,12.43,0.198
33,20,13.114,80.22,16.0,1.0,0.7522,12.43,0.198
33,21,13.114,80.228,15.0,1.0,0.7522,12.43,0.198
33,22,13.114,80.236,12.0,2.0,1.5044,13.18,0.187
33,23,13.114,80.244,12.0,1.0,0.7522,12.14,0.264
33,24,13.114,80.252,10.0,7.0,5.2652,14.38,0.198
33,25,13.114,80.26,7.0,10.0,7.5218,15.14,0.132
33,26,13.114,80.268,5.0,13.0,9.7783,16.24,0.05
33,27,13.114,80.276,5.0,16.0,12.0348,16.45,0.05
33,28,13.114,80.284,9.0,1.0,0.7522,12.14,0.264
33,29,13.114,80.292,11.0,1.0,0.7522,11.48,0.514
33,30,13.114,80.3,7.0,1.0,0.7522,11.59,0.462
33,31,13.114,80.308,0.0,5.0,3.7609,15.28,0.05
33,32,13.114,80.316,0.0,7.0,5.2652,15.62,0.05
34,0,13.122,80.06,37.0,2.0,1.5044,11.74,0.793
34,1,13.122,80.068,36.0,2.0,1.5044,11.77,0.766
34,2,13.122,80.076,35.0,1.0,0.7522,11.12,0.74
34,3,13.122,80.084,30.0,3.0,2.2565,12.71,0.449
34,4,13.122,80.092,33.0,2.0,1.5044,11.88,0.687
34,5,13.122,80.1,30.0,1.0,0.7522,11.45,0.528
34,6,13.122,80.108,37.0,1.0,0.7522,10.78,1.03
34,7,13.122,80.116,30.0,1.0,0.7522,11.31,0.608
34,8,13.122,80.124,23.0,4.0,3.0087,13.89,0.185
34,9,13.122,80.132,27.0,1.0,0.7522,11.53,0.489
34,10,13.122,80.14,21.0,1.0,0.7522,12.84,0.132
34,11,13.122,80.148,28.0,1.0,0.7522,11.59,0.462
34,12,13.122,80.156,24.0,1.0,0.7522,11.57,0.467
34,13,13.122,80.164,22.0,1.0,0.7522,11.23,0.661
34,14,13.122,80.172,12.0,53.0,39.8653,17.5,0.066
34,15,13.122,80.18,11.0,57.0,42.874,17.72,0.05
34,16,13.122,80.188,12.0,58.0,43.6262,17.24,0.093
34,17,13.122,80.196,11.0,1.0,0.7522,13.53,0.066
34,18,13.122,80.204,13.0,1.0,0.7522,12.78,0.14
34,19,13.122,80.212,12.0,2.0,1.5044,13.88,0.093
34,20,13.122,80.22,14.0,1.0,0.7522,12.14,0.264
34,21,13.122,80.228,12.0,1.0,0.7522,12.27,0.234
34,22,13.122,80.236,12.0,1.0,0.7522,11.92,0.33
34,23,13.122,80.244,8.0,4.0,3.0087,15.06,0.047
34,24,13.122,80.252,9.0,1.0,0.7522,13.18,0.093
34,25,13.122,80.26,9.0,1.0,0.7522,12.14,0.264
34,26,13.122,80.268,5.0,2.0,1.5044,14.37,0.05
34,27,13.122,80.276,8.0,1.0,0.7522,12.43,0.198
34,28,13.122,80.284,9.0,1.0,0.7522,11.92,0.33
34,29,13.122,80.292,12.0,1.0,0.7522,11.05,0.793
34,30,13.122,80.3,0.0,3.0,2.2565,14.77,0.05
34,31,13.122,80.308,0.0,4.0,3.0087,15.06,0.05
34,32,13.122,80.316,0.0,5.0,3.7609,15.28,0.05
35,0,13.13,80.06,40.0,1.0,0.7522,12.43,0.198
35,1,13.13,80.068,44.0,1.0,0.7522,11.45,0.528
35,2,13.13,80.076,40.0,1.0,0.7522,11.57,0.467
35,3,13.13,80.084,39.0,1.0,0.7522,11.33,0.595
35,4,13.13,80.092,44.0,1.0,0.7522,11.13,0.727
35,5,13.13,80.1,35.0,1.0,0.7522,11.92,0.33
35,6,13.13,80.108,35.0,1.0,0.7522,11.92,0.33
35,7,13.13,80.116,30.0,2.0,1.5044,12.62,0.327
35,8,13.13,80.124,29.0,1.0,0.7522,11.74,0.396
35,9,13.13,80.132,32.0,1.0,0.7522,11.23,0.661
35,10,13.13,80.14,22.0,2.0,1.5044,12.49,0.374
35,11,13.13,80.148,21.0,2.0,1.5044,12.28,0.462
35,12,13.13,80.156,29.0,1.0,0.7522,11.11,0.747
35,13,13.13,80.164,18.0,1.0,0.7522,11.92,0.33
35,14,13.13,80.172,18.0,1.0,0.7522,11.74,0.396
35,15,13.13,80.18,13.0,2.0,1.5044,13.53,0.132
35,16,13.13,80.188,17.0,1.0,0.7522,11.59,0.462
35,17,13.13,80.196,10.0,63.0,47.3871,17.67,0.066
35,18,13.13,80.204,14.0,1.0,0.7522,12.14,0.264
35,19,13.13,80.212,13.0,1.0,0.7522,12.09,0.28
35,20,13.13,80.22,10.0,4.0,3.0087,13.82,0.198
35,21,13.13,80.228,10.0,1.0,0.7522,12.43,0.198
35,22,13.13,80.236,7.0,10.0,7.5218,15.98,0.05
35,23,13.13,80.244,10.0,1.0,0.7522,12.43,0.198
35,24,13.13,80.252,9.0,1.0,0.7522,12.49,0.187
35,25,13.13,80.26,8.0,1.0,0.7522,12.09,0.28
35,26,13.13,80.268,7.0,1.0,0.7522,11.92,0.33
35,27,13.13,80.276,9.0,1.0,0.7522,11.59,0.462
35,28,13.13,80.284,4.0,2.0,1.5044,13.88,0.093
35,29,13.13,80.292,8.0,1.0,0.7522,11.45,0.528
35,30,13.13,80.3,0.0,2.0,1.5044,14.37,0.05
35,31,13.13,80.308,0.0,3.0,2.2565,14.77,0.05
35,32,13.13,80.316,0.0,4.0,3.0087,15.06,0.05
36,0,13.138,80.06,42.0,1.0,0.7522,12.14,0.264
36,1,13.138,80.068,56.0,1.0,0.7522,10.82,0.991
36,2,13.138,80.076,43.0,1.0,0.7522,11.39,0.561
36,3,13.138,80.084,38.0,1.0,0.7522,11.24,0.654
36,4,13.138,80.092,39.0,1.0,0.7522,10.82,0.991
36,5,13.138,80.1,30.0,2.0,1.5044,12.28,0.462
36,6,13.138,80.108,30.0,1.0,0.7522,11.59,0.462
36,7,13.138,80.116,30.0,1.0,0.7522,11.33,0.595
36,8,13.138,80.124,26.0,1.0,0.7522,11.74,0.396
36,9,13.138,80.132,30.0,1.0,0.7522,11.04,0.794
36,10,13.138,80.14,21.0,1.0,0.7522,11.45,0.528
36,11,13.138,80.148,14.0,5.0,3.7609,15.14,0.066
36,12,13.138,80.156,21.0,1.0,0.7522,11.45,0.528
36,13,13.138,80.164,13.0,4.0,3.0087,15.06,0.05
36,14,13.138,80.172,21.0,5.0,3.7609,13.06,0.528
36,15,13.138,80.18,15.0,1.0,0.7522,12.84,0.132
36,16,13.138,80.188,14.0,1.0,0.7522,11.92,0.33
36,17,13.138,80.196,9.0,141.0,106.0569,18.62,0.05
36,18,13.138,80.204,12.0,142.0,106.809,17.04,0.28
36,19,13.138,80.212,9.0,1.0,0.7522,12.43,0.198
36,20,13.138,80.22,7.0,7.0,5.2652,15.62,0.047
36,21,13.138,80.228,10.0,1.0,0.7522,12.43,0.198
36,22,13.138,80.236,10.0,1.0,0.7522,12.43,0.198
36,23,13.138,80.244,9.0,1.0,0.7522,13.18,0.093
36,24,13.138,80.252,10.0,1.0,0.7522,11.92,0.33
36,25,13.138,80.26,5.0,3.0,2.2565,13.53,0.198
36,26,13.138,80.268,2.0,9.0,6.7696,15.87,0.05
36,27,13.138,80.276,2.0,15.0,11.2826,16.38,0.05
36,28,13.138,80.284,4.0,1.0,0.7522,12.84,0.132
36,29,13.138,80.292,10.0,1.0,0.7522,11.23,0.661
36,30,13.138,80.3,0.0,3.0,2.2565,14.77,0.05
36,31,13.138,80.308,0.0,4.0,3.0087,15.06,0.05
36,32,13.138,80.316,0.0,5.0,3.7609,15.28,0.05
37,0,13.146,80.06,38.0,2.0,1.5044,11.92,0.661
37,1,13.146,80.068,41.0,2.0,1.5044,12.01,0.607
37,2,13.146,80.076,38.0,1.0,0.7522,11.59,0.462
37,3,13.146,80.084,31.0,3.0,2.2565,12.68,0.462
37,4,13.146,80.092,24.0,8.0,6.0174,15.61,0.066
37,5,13.146,80.1,23.0,11.0,8.2739,15.18,0.14
37,6,13.146,80.108,23.0,2.0,1.5044,13.12,0.198
37,7,13.146,80.116,21.0,2.0,1.5044,13.18,0.187
37,8,13.146,80.124,20.0,2.0,1.5044,13.12,0.198
37,9,13.146,80.132,20.0,1.0,0.7522,11.59,0.462
37,10,13.146,80.14,13.0,49.0,36.8566,17.57,0.05
37,11,13.146,80.148,13.0,56.0,42.1219,17.7,0.05
37,12,13.146,80.156,13.0,57.0,42.874,17.72,0.05
37,13,13.146,80.164,13.0,58.0,43.6262,17.73,0.05
37,14,13.146,80.172,13.0,64.0,48.1393,17.83,0.05
37,15,13.146,80.18,16.0,65.0,48.8915,16.61,0.198
37,16,13.146,80.188,16.0,1.0,0.7522,11.74,0.396
37,17,13.146,80.196,10.0,76.0,57.1654,17.86,0.066
37,18,13.146,80.204,12.0,1.0,0.7522,11.74,0.396
37,19,13.146,80.212,6.0,153.0,115.083,18.7,0.05
37,20,13.146,80.22,9.0,154.0,115.8351,17.47,0.198
37,21,13.146,80.228,9.0,1.0,0.7522,12.78,0.14
37,22,13.146,80.236,12.0,1.0,0.7522,11.92,0.33
37,23,13.146,80.244,8.0,1.0,0.7522,13.67,0.047
37,24,13.146,80.252,12.0,1.0,0.7522,11.59,0.462
37,25,13.146,80.26,5.0,2.0,1.5044,13.47,0.14
37,26,13.146,80.268,3.0,1.0,0.7522,13.53,0.066
37,27,13.146,80.276,4.0,1.0,0.7522,12.84,0.132
37,28,13.146,80.284,3.0,1.0,0.7522,13.67,0.047
37,29,13.146,80.292,8.0,1.0,0.7522,11.8,0.374
37,30,13.146,80.3,11.0,1.0,0.7522,11.13,0.727
37,31,13.146,80.308,0.0,2.0,1.5044,14.37,0.05
37,32,13.146,80.316,0.0,3.0,2.2565,14.77,0.05
38,0,13.154,80.06,28.0,5.0,3.7609,14.45,0.132
38,1,13.154,80.068,33.0,1.0,0.7522,11.59,0.462
38,2,13.154,80.076,33.0,1.0,0.7522,11.92,0.33
38,3,13.154,80.084,34.0,1.0,0.7522,11.57,0.467
38,4,13.154,80.092,29.0,1.0,0.7522,11.92,0.33
38,5,13.154,80.1,28.0,1.0,0.7522,11.45,0.528
38,6,13.154,80.108,20.0,15.0,11.2826,16.24,0.066
38,7,13.154,80.116,19.0,25.0,18.8044,16.06,0.132
38,8,13.154,80.124,17.0,30.0,22.5653,16.93,0.066
38,9,13.154,80.132,16.0,43.0,32.3436,16.54,0.14
38,10,13.154,80.14,17.0,2.0,1.5044,12.84,0.264
38,11,13.154,80.148,16.0,1.0,0.7522,12.43,0.198
38,12,13.154,80.156,14.0,4.0,3.0087,14.92,0.066
38,13,13.154,80.164,13.0,5.0,3.7609,15.28,0.05
38,14,13.154,80.172,13.0,6.0,4.5131,15.46,0.05
38,15,13.154,80.18,13.0,72.0,54.1567,17.95,0.05
38,16,13.154,80.188,13.0,73.0,54.9089,17.07,0.14
38,17,13.154,80.196,16.0,1.0,0.7522,11.74,0.396
38,18,13.154,80.204,20.0,1.0,0.7522,11.24,0.654
38,19,13.154,80.212,13.0,1.0,0.7522,11.59,0.462
38,20,13.154,80.22,6.0,157.0,118.0917,18.73,0.05
38,21,13.154,80.228,10.0,1.0,0.7522,12.14,0.264
38,22,13.154,80.236,7.0,3.0,2.2565,14.77,0.05
38,23,13.154,80.244,8.0,4.0,3.0087,14.16,0.14
38,24,13.154,80.252,9.0,1.0,0.7522,12.14,0.264
38,25,13.154,80.26,5.0,2.0,1.5044,13.53,0.132
38,26,13.154,80.268,3.0,3.0,2.2565,14.77,0.05
38,27,13.154,80.276,6.0,4.0,3.0087,13.82,0.198
38,28,13.154,80.284,3.0,5.0,3.7609,15.28,0.047
38,29,13.154,80.292,3.0,1.0,0.7522,13.53,0.066
38,30,13.154,80.3,12.0,1.0,0.7522,11.05,0.793
38,31,13.154,80.308,0.0,2.0,1.5044,14.37,0.05
38,32,13.154,80.316,0.0,3.0,2.2565,14.77,0.05
39,0,13.162,80.06,26.0,6.0,4.5131,15.46,0.05
39,1,13.162,80.068,26.0,8.0,6.0174,15.75,0.05
39,2,13.162,80.076,28.0,3.0,2.2565,13.94,0.132
39,3,13.162,80.084,34.0,1.0,0.7522,11.74,0.396
39,4,13.162,80.092,38.0,1.0,0.7522,11.13,0.727
39,5,13.162,80.1,27.0,2.0,1.5044,12.61,0.33
39,6,13.162,80.108,22.0,9.0,6.7696,14.98,0.14
39,7,13.162,80.116,28.0,1.0,0.7522,11.33,0.595
39,8,13.162,80.124,19.0,9.0,6.7696,14.98,0.14
39,9,13.162,80.132,21.0,3.0,2.2565,13.02,0.33
39,10,13.162,80.14,23.0,1.0,0.7522,11.74,0.396
39,11,13.162,80.148,20.0,3.0,2.2565,13.18,0.28
39,12,13.162,80.156,24.0,1.0,0.7522,11.13,0.727
39,13,13.162,80.164,13.0,3.0,2.2565,14.77,0.05
39,14,13.162,80.172,13.0,4.0,3.0087,15.06,0.05
39,15,13.162,80.18,13.0,5.0,3.7609,15.28,0.05
39,16,13.162,80.188,13.0,6.0,4.5131,15.46,0.047
39,17,13.162,80.196,20.0,1.0,0.7522,11.45,0.528
39,18,13.162,80.204,16.0,1.0,0.7522,11.33,0.595
39,19,13.162,80.212,7.0,2.0,1.5044,13.88,0.093
39,20,13.162,80.22,6.0,1.0,0.7522,13.53,0.066
39,21,13.162,80.228,7.0,2.0,1.5044,13.53,0.132
39,22,13.162,80.236,14.0,1.0,0.7522,11.59,0.462
39,23,13.162,80.244,12.0,1.0,0.7522,11.59,0.462
39,24,13.162,80.252,5.0,6.0,4.5131,15.46,0.05
39,25,13.162,80.26,7.0,7.0,5.2652,14.09,0.264
39,26,13.162,80.268,3.0,8.0,6.0174,15.75,0.05
39,27,13.162,80.276,5.0,1.0,0.7522,12.84,0.132
39,28,13.162,80.284,7.0,1.0,0.7522,11.92,0.33
39,29,13.162,80.292,2.0,8.0,6.0174,15.75,0.05
39,30,13.162,80.3,11.0,1.0,0.7522,11.33,0.595
39,31,13.162,80.308,7.0,1.0,0.7522,11.59,0.462
39,32,13.162,80.316,0.0,2.0,1.5044,14.37,0.05
40,0,13.17,80.06,26.0,1.0,0.7522,12.78,0.14
40,1,13.17,80.068,26.0,1.0,0.7522,12.43,0.198
40,2,13.17,80.076,27.0,1.0,0.7522,12.43,0.198
40,3,13.17,80.084,29.0,1.0,0.7522,12.27,0.234
40,4,13.17,80.092,30.0,1.0,0.7522,11.92,0.33
40,5,13.17,80.1,25.0,5.0,3.7609,14.39,0.14
40,6,13.17,80.108,28.0,1.0,0.7522,11.74,0.396
40,7,13.17,80.116,25.0,2.0,1.5044,12.78,0.28
40,8,13.17,80.124,22.0,5.0,3.7609,14.04,0.198
40,9,13.17,80.132,26.0,2.0,1.5044,12.61,0.33
40,10,13.17,80.14,25.0,1.0,0.7522,12.27,0.234
40,11,13.17,80.148,24.0,1.0,0.7522,12.14,0.264
40,12,13.17,80.156,25.0,1.0,0.7522,11.39,0.561
40,13,13.17,80.164,19.0,1.0,0.7522,11.74,0.396
40,14,13.17,80.172,13.0,2.0,1.5044,14.37,0.05
40,15,13.17,80.18,13.0,3.0,2.2565,14.77,0.05
40,16,13.17,80.188,13.0,4.0,3.0087,14.16,0.14
40,17,13.17,80.196,12.0,8.0,6.0174,14.35,0.234
40,18,13.17,80.204,9.0,1.0,0.7522,12.43,0.198
40,19,13.17,80.212,6.0,2.0,1.5044,14.22,0.066
40,20,13.17,80.22,5.0,6.0,4.5131,15.46,0.047
40,21,13.17,80.228,5.0,3.0,2.2565,14.63,0.066
40,22,13.17,80.236,12.0,1.0,0.7522,11.45,0.528
40,23,13.17,80.244,6.0,1.0,0.7522,12.84,0.132
40,24,13.17,80.252,7.0,1.0,0.7522,12.43,0.198
40,25,13.17,80.26,9.0,1.0,0.7522,11.93,0.327
40,26,13.17,80.268,10.0,1.0,0.7522,11.45,0.528
40,27,13.17,80.276,5.0,1.0,0.7522,12.78,0.14
40,28,13.17,80.284,5.0,1.0,0.7522,12.43,0.198
40,29,13.17,80.292,3.0,2.0,1.5044,14.22,0.066
40,30,13.17,80.3,6.0,1.0,0.7522,12.43,0.198
40,31,13.17,80.308,9.0,1.0,0.7522,11.33,0.595
40,32,13.17,80.316,0.0,2.0,1.5044,14.37,0.05
41,0,13.178,80.06,26.0,1.0,0.7522,12.43,0.198
41,1,13.178,80.068,23.0,6.0,4.5131,15.46,0.05
41,2,13.178,80.076,24.0,5.0,3.7609,15.14,0.066
41,3,13.178,80.084,26.0,2.0,1.5044,13.53,0.132
41,4,13.178,80.092,30.0,1.0,0.7522,12.14,0.264
41,5,13.178,80.1,32.0,1.0,0.7522,11.59,0.462
41,6,13.178,80.108,33.0,2.0,1.5044,12.49,0.374
41,7,13.178,80.116,34.0,1.0,0.7522,11.33,0.595
41,8,13.178,80.124,28.0,4.0,3.0087,13.12,0.396
41,9,13.178,80.132,37.0,1.0,0.7522,11.13,0.727
41,10,13.178,80.14,32.0,1.0,0.7522,11.33,0.595
41,11,13.178,80.148,23.0,2.0,1.5044,13.53,0.132
41,12,13.178,80.156,21.0,3.0,2.2565,12.68,0.462
41,13,13.178,80.164,14.0,4.0,3.0087,14.92,0.066
41,14,13.178,80.172,13.0,5.0,3.7609,15.28,0.05
41,15,13.178,80.18,13.0,6.0,4.5131,15.46,0.05
41,16,13.178,80.188,13.0,7.0,5.2652,14.38,0.198
41,17,13.178,80.196,10.0,12.0,9.0261,14.92,0.198
41,18,13.178,80.204,7.0,35.0,26.3262,17.23,0.047
41,19,13.178,80.212,8.0,1.0,0.7522,12.43,0.198
41,20,13.178,80.22,5.0,2.0,1.5044,14.22,0.066
41,21,13.178,80.228,4.0,59.0,44.3784,17.75,0.05
41,22,13.178,80.236,4.0,62.0,46.6349,17.8,0.05
41,23,13.178,80.244,4.0,64.0,48.1393,17.83,0.05
41,24,13.178,80.252,4.0,66.0,49.6436,17.86,0.05
41,25,13.178,80.26,6.0,67.0,50.3958,16.35,0.264
41,26,13.178,80.268,2.0,72.0,54.1567,17.95,0.05
41,27,13.178,80.276,5.0,73.0,54.9089,16.72,0.198
41,28,13.178,80.284,2.0,76.0,57.1654,18.0,0.05
41,29,13.178,80.292,2.0,79.0,59.4219,18.04,0.05
41,30,13.178,80.3,8.0,80.0,60.1741,16.12,0.396
41,31,13.178,80.308,8.0,1.0,0.7522,11.45,0.528
41,32,13.178,80.316,0.0,3.0,2.2565,14.77,0.05
42,0,13.186,80.06,28.0,1.0,0.7522,12.14,0.264
42,1,13.186,80.068,24.0,2.0,1.5044,14.22,0.066
42,2,13.186,80.076,24.0,1.0,0.7522,13.18,0.093
42,3,13.186,80.084,27.0,1.0,0.7522,11.92,0.33
42,4,13.186,80.092,32.0,2.0,1.5044,12.27,0.467
42,5,13.186,80.1,37.0,1.0,0.7522,11.92,0.33
42,6,13.186,80.108,40.0,1.0,0.7522,11.59,0.462
42,7,13.186,80.116,44.0,1.0,0.7522,11.11,0.747
42,8,13.186,80.124,41.0,1.0,0.7522,10.97,0.859
42,9,13.186,80.132,38.0,1.0,0.7522,11.57,0.467
42,10,13.186,80.14,31.0,1.0,0.7522,11.23,0.661
42,11,13.186,80.148,21.0,4.0,3.0087,15.06,0.05
42,12,13.186,80.156,21.0,5.0,3.7609,13.19,0.462
42,13,13.186,80.164,14.0,8.0,6.0174,15.61,0.066
42,14,13.186,80.172,13.0,10.0,7.5218,15.98,0.05
42,15,13.186,80.18,13.0,12.0,9.0261,16.16,0.05
42,16,13.186,80.188,14.0,13.0,9.7783,15.0,0.198
42,17,13.186,80.196,11.0,14.0,10.5305,15.13,0.187
42,18,13.186,80.204,11.0,1.0,0.7522,11.92,0.33
42,19,13.186,80.212,6.0,40.0,30.0871,17.22,0.066
42,20,13.186,80.22,5.0,46.0,34.6001,17.5,0.047
42,21,13.186,80.228,5.0,1.0,0.7522,13.53,0.066
42,22,13.186,80.236,5.0,1.0,0.7522,13.53,0.066
42,23,13.186,80.244,9.0,1.0,0.7522,11.92,0.33
42,24,13.186,80.252,4.0,2.0,1.5044,14.37,0.047
42,25,13.186,80.26,4.0,1.0,0.7522,13.18,0.093
42,26,13.186,80.268,3.0,1.0,0.7522,13.53,0.066
42,27,13.186,80.276,3.0,1.0,0.7522,13.67,0.047
42,28,13.186,80.284,3.0,1.0,0.7522,13.53,0.066
42,29,13.186,80.292,2.0,2.0,1.5044,14.37,0.05
42,30,13.186,80.3,2.0,83.0,62.4306,18.09,0.05
42,31,13.186,80.308,8.0,1.0,0.7522,11.74,0.396
42,32,13.186,80.316,9.0,1.0,0.7522,11.33,0.595
43,0,13.194,80.06,25.0,1.0,0.7522,13.53,0.066
43,1,13.194,80.068,24.0,2.0,1.5044,14.22,0.066
43,2,13.194,80.076,23.0,3.0,2.2565,14.63,0.066
43,3,13.194,80.084,22.0,8.0,6.0174,15.75,0.05
43,4,13.194,80.092,31.0,1.0,0.7522,11.33,0.595
43,5,13.194,80.1,36.0,1.0,0.7522,11.57,0.467
43,6,13.194,80.108,36.0,1.0,0.7522,11.23,0.661
43,7,13.194,80.116,42.0,1.0,0.7522,10.89,0.925
43,8,13.194,80.124,35.0,1.0,0.7522,11.23,0.661
43,9,13.194,80.132,36.0,1.0,0.7522,11.13,0.727
43,10,13.194,80.14,34.0,1.0,0.7522,11.31,0.607
43,11,13.194,80.148,27.0,1.0,0.7522,11.74,0.396
43,12,13.194,80.156,32.0,1.0,0.7522,10.99,0.841
43,13,13.194,80.164,28.0,1.0,0.7522,10.89,0.925
43,14,13.194,80.172,20.0,1.0,0.7522,11.59,0.462
43,15,13.194,80.18,17.0,1.0,0.7522,12.14,0.264
43,16,13.194,80.188,14.0,1.0,0.7522,12.14,0.264
43,17,13.194,80.196,10.0,2.0,1.5044,14.22,0.066
43,18,13.194,80.204,9.0,3.0,2.2565,13.88,0.14
43,19,13.194,80.212,7.0,4.0,3.0087,14.57,0.093
43,20,13.194,80.22,7.0,1.0,0.7522,12.84,0.132
43,21,13.194,80.228,6.0,2.0,1.5044,14.22,0.066
43,22,13.194,80.236,5.0,3.0,2.2565,14.63,0.066
43,23,13.194,80.244,4.0,6.0,4.5131,15.46,0.047
43,24,13.194,80.252,5.0,1.0,0.7522,12.84,0.132
43,25,13.194,80.26,3.0,4.0,3.0087,15.06,0.05
43,26,13.194,80.268,3.0,5.0,3.7609,15.28,0.05
43,27,13.194,80.276,3.0,6.0,4.5131,15.32,0.066
43,28,13.194,80.284,2.0,8.0,6.0174,15.75,0.05
43,29,13.194,80.292,3.0,9.0,6.7696,15.38,0.093
43,30,13.194,80.3,2.0,1.0,0.7522,13.53,0.066
43,31,13.194,80.308,4.0,1.0,0.7522,12.43,0.198
43,32,13.194,80.316,6.0,1.0,0.7522,12.27,0.234
44,0,13.202,80.06,25.0,1.0,0.7522,12.84,0.132
44,1,13.202,80.068,25.0,1.0,0.7522,12.78,0.14
44,2,13.202,80.076,23.0,1.0,0.7522,13.53,0.066
44,3,13.202,80.084,22.0,2.0,1.5044,14.37,0.05
44,4,13.202,80.092,30.0,3.0,2.2565,12.55,0.528
44,5,13.202,80.1,30.0,1.0,0.7522,11.8,0.374
44,6,13.202,80.108,26.0,3.0,2.2565,14.77,0.047
44,7,13.202,80.116,28.0,2.0,1.5044,12.37,0.42
44,8,13.202,80.124,25.0,2.0,1.5044,12.27,0.467
44,9,13.202,80.132,25.0,2.0,1.5044,11.92,0.661
44,10,13.202,80.14,30.0,1.0,0.7522,10.97,0.859
44,11,13.202,80.148,27.0,1.0,0.7522,11.57,0.467
44,12,13.202,80.156,23.0,1.0,0.7522,11.93,0.327
44,13,13.202,80.164,22.0,1.0,0.7522,11.57,0.467
44,14,13.202,80.172,20.0,1.0,0.7522,11.45,0.528
44,15,13.202,80.18,16.0,1.0,0.7522,11.92,0.33
44,16,13.202,80.188,12.0,1.0,0.7522,12.84,0.132
44,17,13.202,80.196,11.0,1.0,0.7522,12.84,0.132
44,18,13.202,80.204,9.0,2.0,1.5044,13.88,0.093
44,19,13.202,80.212,10.0,1.0,0.7522,12.43,0.198
44,20,13.202,80.22,8.0,1.0,0.7522,13.18,0.093
44,21,13.202,80.228,9.0,1.0,0.7522,12.43,0.198
44,22,13.202,80.236,6.0,2.0,1.5044,13.88,0.093
44,23,13.202,80.244,5.0,1.0,0.7522,12.84,0.132
44,24,13.202,80.252,3.0,73.0,54.9089,17.96,0.05
44,25,13.202,80.26,4.0,74.0,55.661,17.84,0.066
44,26,13.202,80.268,6.0,1.0,0.7522,12.43,0.198
44,27,13.202,80.276,6.0,1.0,0.7522,12.14,0.264
44,28,13.202,80.284,2.0,2.0,1.5044,14.37,0.05
44,29,13.202,80.292,2.0,3.0,2.2565,14.63,0.066
44,30,13.202,80.3,1.0,15.0,11.2826,16.38,0.05
44,31,13.202,80.308,1.0,18.0,13.5392,16.56,0.05
44,32,13.202,80.316,6.0,1.0,0.7522,11.92,0.33
45,0,13.21,80.06,23.0,2.0,1.5044,13.47,0.14
45,1,13.21,80.068,23.0,1.0,0.7522,12.43,0.198
45,2,13.21,80.076,22.0,2.0,1.5044,13.12,0.198
45,3,13.21,80.084,24.0,1.0,0.7522,12.14,0.264
45,4,13.21,80.092,22.0,5.0,3.7609,14.79,0.093
45,5,13.21,80.1,35.0,1.0,0.7522,10.89,0.925
45,6,13.21,80.108,33.0,1.0,0.7522,10.97,0.859
45,7,13.21,80.116,25.0,4.0,3.0087,13.12,0.396
45,8,13.21,80.124,19.0,7.0,5.2652,14.09,0.264
45,9,13.21,80.132,15.0,12.0,9.0261,16.16,0.05
45,10,13.21,80.14,17.0,16.0,12.0348,15.61,0.132
45,11,13.21,80.148,29.0,1.0,0.7522,11.05,0.793
45,12,13.21,80.156,21.0,1.0,0.7522,11.92,0.33
45,13,13.21,80.164,16.0,3.0,2.2565,13.24,0.264
45,14,13.21,80.172,12.0,6.0,4.5131,15.32,0.066
45,15,13.21,80.18,11.0,44.0,33.0958,17.32,0.066
45,16,13.21,80.188,10.0,49.0,36.8566,17.57,0.05
45,17,13.21,80.196,10.0,50.0,37.6088,17.44,0.066
45,18,13.21,80.204,9.0,51.0,38.361,17.46,0.066
45,19,13.21,80.212,8.0,52.0,39.1132,17.62,0.05
45,20,13.21,80.22,8.0,53.0,39.8653,17.5,0.066
45,21,13.21,80.228,7.0,61.0,45.8828,16.95,0.132
45,22,13.21,80.236,5.0,64.0,48.1393,17.83,0.05
45,23,13.21,80.244,5.0,65.0,48.8915,17.36,0.093
45,24,13.21,80.252,6.0,1.0,0.7522,12.43,0.198
45,25,13.21,80.26,3.0,78.0,58.6698,18.03,0.05
45,26,13.21,80.268,3.0,81.0,60.9263,18.07,0.05
45,27,13.21,80.276,6.0,1.0,0.7522,12.43,0.198
45,28,13.21,80.284,4.0,1.0,0.7522,12.78,0.14
45,29,13.21,80.292,2.0,1.0,0.7522,13.53,0.066
45,30,13.21,80.3,4.0,1.0,0.7522,12.43,0.198
45,31,13.21,80.308,2.0,1.0,0.7522,13.18,0.093
45,32,13.21,80.316,7.0,1.0,0.7522,11.59,0.462
46,0,13.218,80.06,21.0,1.0,0.7522,13.53,0.066
46,1,13.218,80.068,20.0,5.0,3.7609,15.14,0.066
46,2,13.218,80.076,19.0,8.0,6.0174,15.75,0.05
46,3,13.218,80.084,20.0,15.0,11.2826,14.64,0.327
46,4,13.218,80.092,21.0,1.0,0.7522,11.45,0.528
46,5,13.218,80.1,21.0,2.0,1.5044,12.28,0.462
46,6,13.218,80.108,20.0,2.0,1.5044,12.78,0.28
46,7,13.218,80.116,24.0,1.0,0.7522,11.92,0.33
46,8,13.218,80.124,27.0,1.0,0.7522,11.33,0.595
46,9,13.218,80.132,18.0,2.0,1.5044,13.12,0.198
46,10,13.218,80.14,15.0,19.0,14.2913,16.62,0.05
46,11,13.218,80.148,20.0,20.0,15.0435,14.92,0.33
46,12,13.218,80.156,20.0,1.0,0.7522,11.74,0.396
46,13,13.218,80.164,14.0,2.0,1.5044,13.53,0.132
46,14,13.218,80.172,12.0,36.0,27.0783,17.26,0.047
46,15,13.218,80.18,12.0,1.0,0.7522,13.18,0.093
46,16,13.218,80.188,11.0,2.0,1.5044,14.22,0.066
46,17,13.218,80.196,12.0,1.0,0.7522,12.43,0.198
46,18,13.218,80.204,9.0,2.0,1.5044,14.22,0.066
46,19,13.218,80.212,8.0,5.0,3.7609,15.28,0.05
46,20,13.218,80.22,8.0,7.0,5.2652,15.62,0.047
46,21,13.218,80.228,10.0,1.0,0.7522,12.27,0.234
46,22,13.218,80.236,7.0,1.0,0.7522,12.84,0.132
46,23,13.218,80.244,6.0,1.0,0.7522,13.53,0.066
46,24,13.218,80.252,7.0,1.0,0.7522,12.49,0.187
46,25,13.218,80.26,5.0,1.0,0.7522,12.84,0.132
46,26,13.218,80.268,5.0,1.0,0.7522,12.84,0.132
46,27,13.218,80.276,6.0,1.0,0.7522,12.78,0.14
46,28,13.218,80.284,4.0,1.0,0.7522,12.43,0.198
46,29,13.218,80.292,1.0,9.0,6.7696,15.87,0.05
46,30,13.218,80.3,2.0,1.0,0.7522,13.53,0.066
46,31,13.218,80.308,2.0,1.0,0.7522,12.84,0.132
46,32,13.218,80.316,0.0,4.0,3.0087,15.06,0.05
47,0,13.226,80.06,22.0,1.0,0.7522,11.39,0.561
47,1,13.226,80.068,22.0,1.0,0.7522,11.05,0.793
47,2,13.226,80.076,21.0,1.0,0.7522,11.48,0.514
47,3,13.226,80.084,20.0,1.0,0.7522,11.59,0.462
47,4,13.226,80.092,13.0,22.0,16.5479,16.76,0.05
47,5,13.226,80.1,14.0,27.0,20.3088,16.48,0.093
47,6,13.226,80.108,21.0,1.0,0.7522,11.33,0.595
47,7,13.226,80.116,19.0,2.0,1.5044,12.43,0.396
47,8,13.226,80.124,25.0,1.0,0.7522,11.39,0.561
47,9,13.226,80.132,32.0,1.0,0.7522,10.7,1.123
47,10,13.226,80.14,15.0,2.0,1.5044,14.37,0.05
47,11,13.226,80.148,15.0,23.0,17.3001,16.81,0.05
47,12,13.226,80.156,15.0,24.0,18.0522,16.71,0.066
47,13,13.226,80.164,14.0,32.0,24.0696,16.65,0.093
47,14,13.226,80.172,13.0,1.0,0.7522,13.53,0.066
47,15,13.226,80.18,13.0,1.0,0.7522,13.18,0.093
47,16,13.226,80.188,15.0,1.0,0.7522,12.09,0.28
47,17,13.226,80.196,13.0,1.0,0.7522,12.14,0.264
47,18,13.226,80.204,10.0,1.0,0.7522,13.18,0.093
47,19,13.226,80.212,10.0,1.0,0.7522,12.84,0.132
47,20,13.226,80.22,10.0,1.0,0.7522,12.84,0.132
47,21,13.226,80.228,13.0,1.0,0.7522,11.92,0.33
47,22,13.226,80.236,8.0,2.0,1.5044,13.12,0.198
47,23,13.226,80.244,5.0,4.0,3.0087,15.06,0.05
47,24,13.226,80.252,18.0,5.0,3.7609,12.57,0.859
47,25,13.226,80.26,5.0,6.0,4.5131,14.63,0.132
47,26,13.226,80.268,4.0,1.0,0.7522,13.67,0.047
47,27,13.226,80.276,6.0,1.0,0.7522,12.43,0.198
47,28,13.226,80.284,3.0,3.0,2.2565,14.28,0.093
47,29,13.226,80.292,3.0,1.0,0.7522,12.84,0.132
47,30,13.226,80.3,4.0,1.0,0.7522,12.78,0.14
47,31,13.226,80.308,3.0,1.0,0.7522,12.78,0.14
47,32,13.226,80.316,2.0,1.0,0.7522,12.84,0.132
48,0,13.234,80.06,24.0,1.0,0.7522,10.89,0.925
48,1,13.234,80.068,10.0,10.0,7.5218,15.98,0.05
48,2,13.234,80.076,21.0,1.0,0.7522,11.13,0.727
48,3,13.234,80.084,18.0,3.0,2.2565,13.37,0.234
48,4,13.234,80.092,21.0,1.0,0.7522,11.45,0.528
48,5,13.234,80.1,18.0,1.0,0.7522,11.74,0.396
48,6,13.234,80.108,12.0,35.0,26.3262,17.23,0.047
48,7,13.234,80.116,13.0,5.0,3.7609,14.45,0.132
48,8,13.234,80.124,31.0,1.0,0.7522,10.64,1.189
48,9,13.234,80.132,29.0,1.0,0.7522,11.05,0.793
48,10,13.234,80.14,26.0,1.0,0.7522,11.13,0.727
48,11,13.234,80.148,15.0,3.0,2.2565,14.77,0.05
48,12,13.234,80.156,15.0,7.0,5.2652,15.62,0.047
48,13,13.234,80.164,18.0,1.0,0.7522,11.92,0.33
48,14,13.234,80.172,13.0,2.0,1.5044,14.37,0.05
48,15,13.234,80.18,13.0,3.0,2.2565,13.37,0.234
48,16,13.234,80.188,14.0,1.0,0.7522,11.74,0.396
48,17,13.234,80.196,9.0,4.0,3.0087,15.06,0.047
48,18,13.234,80.204,11.0,1.0,0.7522,12.84,0.132
48,19,13.234,80.212,13.0,1.0,0.7522,12.14,0.264
48,20,13.234,80.22,9.0,2.0,1.5044,14.37,0.05
48,21,13.234,80.228,13.0,3.0,2.2565,13.24,0.264
48,22,13.234,80.236,14.0,1.0,0.7522,11.59,0.462
48,23,13.234,80.244,7.0,2.0,1.5044,13.18,0.187
48,24,13.234,80.252,5.0,1.0,0.7522,12.84,0.132
48,25,13.234,80.26,3.0,9.0,6.7696,15.87,0.05
48,26,13.234,80.268,4.0,1.0,0.7522,13.53,0.066
48,27,13.234,80.276,5.0,1.0,0.7522,12.84,0.132
48,28,13.234,80.284,3.0,2.0,1.5044,14.37,0.05
48,29,13.234,80.292,3.0,3.0,2.2565,14.63,0.066
48,30,13.234,80.3,2.0,12.0,9.0261,16.16,0.047
48,31,13.234,80.308,5.0,1.0,0.7522,11.92,0.33
48,32,13.234,80.316,0.0,4.0,3.0087,15.06,0.05
49,0,13.242,80.06,24.0,1.0,0.7522,11.24,0.654
49,1,13.242,80.068,22.0,2.0,1.5044,11.74,0.793
49,2,13.242,80.076,21.0,2.0,1.5044,12.17,0.514
49,3,13.242,80.084,21.0,1.0,0.7522,12.43,0.198
49,4,13.242,80.092,21.0,1.0,0.7522,12.78,0.14
49,5,13.242,80.1,19.0,5.0,3.7609,13.54,0.327
49,6,13.242,80.108,19.0,1.0,0.7522,11.45,0.528
49,7,13.242,80.116,11.0,44.0,33.0958,17.46,0.05
49,8,13.242,80.124,18.0,45.0,33.8479,15.2,0.561
49,9,13.242,80.132,17.0,2.0,1.5044,11.83,0.727
49,10,13.242,80.14,17.0,1.0,0.7522,11.48,0.514
49,11,13.242,80.148,22.0,1.0,0.7522,11.59,0.462
49,12,13.242,80.156,16.0,3.0,2.2565,14.63,0.066
49,13,13.242,80.164,17.0,1.0,0.7522,12.43,0.198
49,14,13.242,80.172,14.0,3.0,2.2565,14.63,0.066
49,15,13.242,80.18,13.0,5.0,3.7609,13.53,0.33
49,16,13.242,80.188,8.0,17.0,12.787,16.51,0.05
49,17,13.242,80.196,16.0,1.0,0.7522,11.45,0.528
49,18,13.242,80.204,13.0,1.0,0.7522,12.43,0.198
49,19,13.242,80.212,10.0,3.0,2.2565,14.63,0.066
49,20,13.242,80.22,9.0,4.0,3.0087,15.06,0.047
49,21,13.242,80.228,9.0,4.0,3.0087,14.16,0.14
49,22,13.242,80.236,8.0,1.0,0.7522,12.84,0.132
49,23,13.242,80.244,7.0,1.0,0.7522,12.14,0.264
49,24,13.242,80.252,3.0,20.0,15.0435,16.67,0.05
49,25,13.242,80.26,6.0,1.0,0.7522,12.43,0.198
49,26,13.242,80.268,9.0,1.0,0.7522,11.92,0.33
49,27,13.242,80.276,4.0,3.0,2.2565,14.63,0.066
49,28,13.242,80.284,3.0,6.0,4.5131,15.46,0.05
49,29,13.242,80.292,3.0,8.0,6.0174,15.75,0.047
49,30,13.242,80.3,3.0,1.0,0.7522,12.84,0.132
49,31,13.242,80.308,1.0,14.0,10.5305,16.17,0.066
49,32,13.242,80.316,0.0,18.0,13.5392,16.56,0.05
50,0,13.25,80.06,24.0,1.0,0.7522,13.18,0.093
50,1,13.25,80.068,24.0,1.0,0.7522,12.78,0.14
50,2,13.25,80.076,24.0,1.0,0.7522,12.43,0.198
50,3,13.25,80.084,21.0,2.0,1.5044,14.22,0.066
50,4,13.25,80.092,20.0,3.0,2.2565,14.77,0.047
50,5,13.25,80.1,20.0,1.0,0.7522,13.53,0.066
50,6,13.25,80.108,22.0,1.0,0.7522,11.48,0.514
50,7,13.25,80.116,21.0,1.0,0.7522,11.23,0.661
50,8,13.25,80.124,19.0,1.0,0.7522,10.97,0.859
50,9,13.25,80.132,6.0,50.0,37.6088,17.59,0.05
50,10,13.25,80.14,21.0,1.0,0.7522,10.82,0.991
50,11,13.25,80.148,23.0,1.0,0.7522,11.93,0.327
50,12,13.25,80.156,19.0,1.0,0.7522,12.43,0.198
50,13,13.25,80.164,17.0,1.0,0.7522,12.78,0.14
50,14,13.25,80.172,15.0,1.0,0.7522,13.18,0.093
50,15,13.25,80.18,14.0,1.0,0.7522,12.09,0.28
50,16,13.25,80.188,18.0,1.0,0.7522,11.23,0.661
50,17,13.25,80.196,16.0,1.0,0.7522,11.8,0.374
50,18,13.25,80.204,11.0,1.0,0.7522,13.67,0.047
50,19,13.25,80.212,11.0,1.0,0.7522,12.84,0.132
50,20,13.25,80.22,9.0,2.0,1.5044,14.22,0.066
50,21,13.25,80.228,8.0,7.0,5.2652,14.78,0.132
50,22,13.25,80.236,6.0,13.0,9.7783,16.24,0.05
50,23,13.25,80.244,6.0,14.0,10.5305,15.42,0.14
50,24,13.25,80.252,6.0,1.0,0.7522,12.43,0.198
50,25,13.25,80.26,6.0,1.0,0.7522,12.78,0.14
50,26,13.25,80.268,6.0,1.0,0.7522,13.18,0.093
50,27,13.25,80.276,5.0,1.0,0.7522,13.18,0.093
50,28,13.25,80.284,5.0,1.0,0.7522,12.84,0.132
50,29,13.25,80.292,6.0,1.0,0.7522,12.43,0.198
50,30,13.25,80.3,5.0,1.0,0.7522,12.43,0.198
50,31,13.25,80.308,2.0,2.0,1.5044,13.88,0.093
50,32,13.25,80.316,1.0,1.0,0.7522,13.53,0.066
